Location ,Time of Day,Day ,Average Sound Level,,Location ,Time of Day,Day,Average Sound Level,,Location ,Time of Day,Day,Average Sound Level,,Location ,Time of Day,Day,Average Sound Level,,Location ,Time of Day,Day,Average Sound Level,,Location ,Time of Day,Day,Average Sound Level,,Location ,Time of Day,Day,Average Sound Level,,Location ,Time of Day,Day,Average Sound Level,,Location ,Time of Day,Day,Average Sound Level,,Location ,Time of Day,Day,Average Sound Level,,Location ,Time of Day,Day,Average Sound Level,,Location ,Time of Day,Day,Average Sound Level,,Location ,Time of Day,Day ,Average Sound Level,,Location ,Time of Day,Day,Average Sound Level,,Location ,Time of Day,Day,Average Sound Level,,Location ,Time of Day,Day,Average Sound Level,,Location ,Time of Day,Day,Average Sound Level,,Location ,Time of Day,Day,Average Sound Level,,Location ,Time of Day,Day,Average Sound Level,,Location ,Time of Day,Day,Average Sound Level,,Location ,Time of Day,Day,Average Sound Level,,Location ,Time of Day,Day,Average Sound Level,,Location ,Time of Day,Day,Average Sound Level,,Location ,Time of Day,Day,Average Sound Level,,Location ,Time of Day,Day ,Average Sound Level,,Location ,Time of Day,Day,Average Sound Level,,Location ,Time of Day,Day,Average Sound Level,,Location ,Time of Day,Day,Average Sound Level,,Location ,Time of Day,Day,Average Sound Level,,Location ,Time of Day,Day,Average Sound Level,,Location ,Time of Day,Day,Average Sound Level,,Location ,Time of Day,Day,Average Sound Level,,Location ,Time of Day,Day,Average Sound Level,,Location ,Time of Day,Day,Average Sound Level,,Location ,Time of Day,Day,Average Sound Level,,Location ,Time of Day,Day,Average Sound Level
A,Morn,1,,,A,Noon,1,,,A,Afternoon,1,,,A,Morn,2,,,A,Noon,2,,,A,Afternoon,2,,,A,Morn,3,,,A,Noon,3,,,A,Afternoon,3,,,A,Morn,4,,,A,Noon,4,,,A,Afternoon,4,,,B,Morn,1,,,B,Noon,1,69.66571429,B,Afternoon,1,75.96183673,B,Morn,2,,,B,Noon,2,,,B,Afternoon,2,,,B,Morn,3,,,B,Noon,3,,,B,Afternoon,3,,,B,Morn,4,,,B,Noon,4,,,B,Afternoon,4,,,C,Morn,1,,,C,Noon,1,,,C,Afternoon,1,,,C,Morn,2,,,C,Noon,2,,,C,Afternoon,2,,,C,Morn,3,,,C,Noon,3,,,C,Afternoon,3,,,C,Morn,4,,,C,Noon,4,,,C,Afternoon,4,
A,Morn,1,,,A,Noon,1,,,A,Afternoon,1,,,A,Morn,2,,,A,Noon,2,,,A,Afternoon,2,,,A,Morn,3,,,A,Noon,3,,,A,Afternoon,3,,,A,Morn,4,,,A,Noon,4,,,A,Afternoon,4,,,B,Morn,1,,,B,Noon,1,69.30346939,B,Afternoon,1,75.76836735,B,Morn,2,,,B,Noon,2,,,B,Afternoon,2,,,B,Morn,3,,,B,Noon,3,,,B,Afternoon,3,,,B,Morn,4,,,B,Noon,4,,,B,Afternoon,4,,,C,Morn,1,,,C,Noon,1,,,C,Afternoon,1,,,C,Morn,2,,,C,Noon,2,,,C,Afternoon,2,,,C,Morn,3,,,C,Noon,3,,,C,Afternoon,3,,,C,Morn,4,,,C,Noon,4,,,C,Afternoon,4,
A,Morn,1,,,A,Noon,1,,,A,Afternoon,1,,,A,Morn,2,,,A,Noon,2,,,A,Afternoon,2,,,A,Morn,3,,,A,Noon,3,,,A,Afternoon,3,,,A,Morn,4,,,A,Noon,4,,,A,Afternoon,4,,,B,Morn,1,,,B,Noon,1,67.43938776,B,Afternoon,1,77.50795918,B,Morn,2,,,B,Noon,2,,,B,Afternoon,2,,,B,Morn,3,,,B,Noon,3,,,B,Afternoon,3,,,B,Morn,4,,,B,Noon,4,,,B,Afternoon,4,,,C,Morn,1,,,C,Noon,1,,,C,Afternoon,1,,,C,Morn,2,,,C,Noon,2,,,C,Afternoon,2,,,C,Morn,3,,,C,Noon,3,,,C,Afternoon,3,,,C,Morn,4,,,C,Noon,4,,,C,Afternoon,4,
A,Morn,1,,,A,Noon,1,,,A,Afternoon,1,,,A,Morn,2,,,A,Noon,2,,,A,Afternoon,2,,,A,Morn,3,,,A,Noon,3,,,A,Afternoon,3,,,A,Morn,4,,,A,Noon,4,,,A,Afternoon,4,,,B,Morn,1,,,B,Noon,1,71.28204082,B,Afternoon,1,78.06489796,B,Morn,2,,,B,Noon,2,,,B,Afternoon,2,,,B,Morn,3,,,B,Noon,3,,,B,Afternoon,3,,,B,Morn,4,,,B,Noon,4,,,B,Afternoon,4,,,C,Morn,1,,,C,Noon,1,,,C,Afternoon,1,,,C,Morn,2,,,C,Noon,2,,,C,Afternoon,2,,,C,Morn,3,,,C,Noon,3,,,C,Afternoon,3,,,C,Morn,4,,,C,Noon,4,,,C,Afternoon,4,
A,Morn,1,,,A,Noon,1,,,A,Afternoon,1,,,A,Morn,2,,,A,Noon,2,,,A,Afternoon,2,,,A,Morn,3,,,A,Noon,3,,,A,Afternoon,3,,,A,Morn,4,,,A,Noon,4,,,A,Afternoon,4,,,B,Morn,1,,,B,Noon,1,68.59693878,B,Afternoon,1,77.2144898,B,Morn,2,,,B,Noon,2,,,B,Afternoon,2,,,B,Morn,3,,,B,Noon,3,,,B,Afternoon,3,,,B,Morn,4,,,B,Noon,4,,,B,Afternoon,4,,,C,Morn,1,,,C,Noon,1,,,C,Afternoon,1,,,C,Morn,2,,,C,Noon,2,,,C,Afternoon,2,,,C,Morn,3,,,C,Noon,3,,,C,Afternoon,3,,,C,Morn,4,,,C,Noon,4,,,C,Afternoon,4,
A,Morn,1,,,A,Noon,1,,,A,Afternoon,1,,,A,Morn,2,,,A,Noon,2,,,A,Afternoon,2,,,A,Morn,3,,,A,Noon,3,,,A,Afternoon,3,,,A,Morn,4,,,A,Noon,4,,,A,Afternoon,4,,,B,Morn,1,,,B,Noon,1,70.51408163,B,Afternoon,1,75.56693878,B,Morn,2,,,B,Noon,2,,,B,Afternoon,2,,,B,Morn,3,,,B,Noon,3,,,B,Afternoon,3,,,B,Morn,4,,,B,Noon,4,,,B,Afternoon,4,,,C,Morn,1,,,C,Noon,1,,,C,Afternoon,1,,,C,Morn,2,,,C,Noon,2,,,C,Afternoon,2,,,C,Morn,3,,,C,Noon,3,,,C,Afternoon,3,,,C,Morn,4,,,C,Noon,4,,,C,Afternoon,4,
A,Morn,1,,,A,Noon,1,,,A,Afternoon,1,,,A,Morn,2,,,A,Noon,2,,,A,Afternoon,2,,,A,Morn,3,,,A,Noon,3,,,A,Afternoon,3,,,A,Morn,4,,,A,Noon,4,,,A,Afternoon,4,,,B,Morn,1,,,B,Noon,1,72.9364,B,Afternoon,1,75.913,B,Morn,2,,,B,Noon,2,,,B,Afternoon,2,,,B,Morn,3,,,B,Noon,3,,,B,Afternoon,3,,,B,Morn,4,,,B,Noon,4,,,B,Afternoon,4,,,C,Morn,1,,,C,Noon,1,,,C,Afternoon,1,,,C,Morn,2,,,C,Noon,2,,,C,Afternoon,2,,,C,Morn,3,,,C,Noon,3,,,C,Afternoon,3,,,C,Morn,4,,,C,Noon,4,,,C,Afternoon,4,
A,Morn,1,,,A,Noon,1,,,A,Afternoon,1,,,A,Morn,2,,,A,Noon,2,,,A,Afternoon,2,,,A,Morn,3,,,A,Noon,3,,,A,Afternoon,3,,,A,Morn,4,,,A,Noon,4,,,A,Afternoon,4,,,B,Morn,1,,,B,Noon,1,69.25612245,B,Afternoon,1,73.64081633,B,Morn,2,,,B,Noon,2,,,B,Afternoon,2,,,B,Morn,3,,,B,Noon,3,,,B,Afternoon,3,,,B,Morn,4,,,B,Noon,4,,,B,Afternoon,4,,,C,Morn,1,,,C,Noon,1,,,C,Afternoon,1,,,C,Morn,2,,,C,Noon,2,,,C,Afternoon,2,,,C,Morn,3,,,C,Noon,3,,,C,Afternoon,3,,,C,Morn,4,,,C,Noon,4,,,C,Afternoon,4,
A,Morn,1,,,A,Noon,1,,,A,Afternoon,1,,,A,Morn,2,,,A,Noon,2,,,A,Afternoon,2,,,A,Morn,3,,,A,Noon,3,,,A,Afternoon,3,,,A,Morn,4,,,A,Noon,4,,,A,Afternoon,4,,,B,Morn,1,,,B,Noon,1,73.09673469,B,Afternoon,1,74.12857143,B,Morn,2,,,B,Noon,2,,,B,Afternoon,2,,,B,Morn,3,,,B,Noon,3,,,B,Afternoon,3,,,B,Morn,4,,,B,Noon,4,,,B,Afternoon,4,,,C,Morn,1,,,C,Noon,1,,,C,Afternoon,1,,,C,Morn,2,,,C,Noon,2,,,C,Afternoon,2,,,C,Morn,3,,,C,Noon,3,,,C,Afternoon,3,,,C,Morn,4,,,C,Noon,4,,,C,Afternoon,4,
A,Morn,1,,,A,Noon,1,,,A,Afternoon,1,,,A,Morn,2,,,A,Noon,2,,,A,Afternoon,2,,,A,Morn,3,,,A,Noon,3,,,A,Afternoon,3,,,A,Morn,4,,,A,Noon,4,,,A,Afternoon,4,,,B,Morn,1,,,B,Noon,1,74.36061224,B,Afternoon,1,75.57693878,B,Morn,2,,,B,Noon,2,,,B,Afternoon,2,,,B,Morn,3,,,B,Noon,3,,,B,Afternoon,3,,,B,Morn,4,,,B,Noon,4,,,B,Afternoon,4,,,C,Morn,1,,,C,Noon,1,,,C,Afternoon,1,,,C,Morn,2,,,C,Noon,2,,,C,Afternoon,2,,,C,Morn,3,,,C,Noon,3,,,C,Afternoon,3,,,C,Morn,4,,,C,Noon,4,,,C,Afternoon,4,
A,Morn,1,,,A,Noon,1,,,A,Afternoon,1,,,A,Morn,2,,,A,Noon,2,,,A,Afternoon,2,,,A,Morn,3,,,A,Noon,3,,,A,Afternoon,3,,,A,Morn,4,,,A,Noon,4,,,A,Afternoon,4,,,B,Morn,1,,,B,Noon,1,75.2,B,Afternoon,1,75.61938776,B,Morn,2,,,B,Noon,2,,,B,Afternoon,2,,,B,Morn,3,,,B,Noon,3,,,B,Afternoon,3,,,B,Morn,4,,,B,Noon,4,,,B,Afternoon,4,,,C,Morn,1,,,C,Noon,1,,,C,Afternoon,1,,,C,Morn,2,,,C,Noon,2,,,C,Afternoon,2,,,C,Morn,3,,,C,Noon,3,,,C,Afternoon,3,,,C,Morn,4,,,C,Noon,4,,,C,Afternoon,4,
A,Morn,1,,,A,Noon,1,,,A,Afternoon,1,,,A,Morn,2,,,A,Noon,2,,,A,Afternoon,2,,,A,Morn,3,,,A,Noon,3,,,A,Afternoon,3,,,A,Morn,4,,,A,Noon,4,,,A,Afternoon,4,,,B,Morn,1,,,B,Noon,1,74.45285714,B,Afternoon,1,76.4768,B,Morn,2,,,B,Noon,2,,,B,Afternoon,2,,,B,Morn,3,,,B,Noon,3,,,B,Afternoon,3,,,B,Morn,4,,,B,Noon,4,,,B,Afternoon,4,,,C,Morn,1,,,C,Noon,1,,,C,Afternoon,1,,,C,Morn,2,,,C,Noon,2,,,C,Afternoon,2,,,C,Morn,3,,,C,Noon,3,,,C,Afternoon,3,,,C,Morn,4,,,C,Noon,4,,,C,Afternoon,4,
A,Morn,1,,,A,Noon,1,,,A,Afternoon,1,,,A,Morn,2,,,A,Noon,2,,,A,Afternoon,2,,,A,Morn,3,,,A,Noon,3,,,A,Afternoon,3,,,A,Morn,4,,,A,Noon,4,,,A,Afternoon,4,,,B,Morn,1,,,B,Noon,1,76.29346939,B,Afternoon,1,74.51163265,B,Morn,2,,,B,Noon,2,,,B,Afternoon,2,,,B,Morn,3,,,B,Noon,3,,,B,Afternoon,3,,,B,Morn,4,,,B,Noon,4,,,B,Afternoon,4,,,C,Morn,1,,,C,Noon,1,,,C,Afternoon,1,,,C,Morn,2,,,C,Noon,2,,,C,Afternoon,2,,,C,Morn,3,,,C,Noon,3,,,C,Afternoon,3,,,C,Morn,4,,,C,Noon,4,,,C,Afternoon,4,
A,Morn,1,,,A,Noon,1,,,A,Afternoon,1,,,A,Morn,2,,,A,Noon,2,,,A,Afternoon,2,,,A,Morn,3,,,A,Noon,3,,,A,Afternoon,3,,,A,Morn,4,,,A,Noon,4,,,A,Afternoon,4,,,B,Morn,1,,,B,Noon,1,75.20510204,B,Afternoon,1,77.18673469,B,Morn,2,,,B,Noon,2,,,B,Afternoon,2,,,B,Morn,3,,,B,Noon,3,,,B,Afternoon,3,,,B,Morn,4,,,B,Noon,4,,,B,Afternoon,4,,,C,Morn,1,,,C,Noon,1,,,C,Afternoon,1,,,C,Morn,2,,,C,Noon,2,,,C,Afternoon,2,,,C,Morn,3,,,C,Noon,3,,,C,Afternoon,3,,,C,Morn,4,,,C,Noon,4,,,C,Afternoon,4,
A,Morn,1,,,A,Noon,1,,,A,Afternoon,1,,,A,Morn,2,,,A,Noon,2,,,A,Afternoon,2,,,A,Morn,3,,,A,Noon,3,,,A,Afternoon,3,,,A,Morn,4,,,A,Noon,4,,,A,Afternoon,4,,,B,Morn,1,,,B,Noon,1,72.24163265,B,Afternoon,1,74.09285714,B,Morn,2,,,B,Noon,2,,,B,Afternoon,2,,,B,Morn,3,,,B,Noon,3,,,B,Afternoon,3,,,B,Morn,4,,,B,Noon,4,,,B,Afternoon,4,,,C,Morn,1,,,C,Noon,1,,,C,Afternoon,1,,,C,Morn,2,,,C,Noon,2,,,C,Afternoon,2,,,C,Morn,3,,,C,Noon,3,,,C,Afternoon,3,,,C,Morn,4,,,C,Noon,4,,,C,Afternoon,4,
A,Morn,1,,,A,Noon,1,,,A,Afternoon,1,,,A,Morn,2,,,A,Noon,2,,,A,Afternoon,2,,,A,Morn,3,,,A,Noon,3,,,A,Afternoon,3,,,A,Morn,4,,,A,Noon,4,,,A,Afternoon,4,,,B,Morn,1,,,B,Noon,1,73.59877551,B,Afternoon,1,77.10510204,B,Morn,2,,,B,Noon,2,,,B,Afternoon,2,,,B,Morn,3,,,B,Noon,3,,,B,Afternoon,3,,,B,Morn,4,,,B,Noon,4,,,B,Afternoon,4,,,C,Morn,1,,,C,Noon,1,,,C,Afternoon,1,,,C,Morn,2,,,C,Noon,2,,,C,Afternoon,2,,,C,Morn,3,,,C,Noon,3,,,C,Afternoon,3,,,C,Morn,4,,,C,Noon,4,,,C,Afternoon,4,
A,Morn,1,,,A,Noon,1,,,A,Afternoon,1,,,A,Morn,2,,,A,Noon,2,,,A,Afternoon,2,,,A,Morn,3,,,A,Noon,3,,,A,Afternoon,3,,,A,Morn,4,,,A,Noon,4,,,A,Afternoon,4,,,B,Morn,1,,,B,Noon,1,77.21469388,B,Afternoon,1,75.564,B,Morn,2,,,B,Noon,2,,,B,Afternoon,2,,,B,Morn,3,,,B,Noon,3,,,B,Afternoon,3,,,B,Morn,4,,,B,Noon,4,,,B,Afternoon,4,,,C,Morn,1,,,C,Noon,1,,,C,Afternoon,1,,,C,Morn,2,,,C,Noon,2,,,C,Afternoon,2,,,C,Morn,3,,,C,Noon,3,,,C,Afternoon,3,,,C,Morn,4,,,C,Noon,4,,,C,Afternoon,4,
A,Morn,1,,,A,Noon,1,,,A,Afternoon,1,,,A,Morn,2,,,A,Noon,2,,,A,Afternoon,2,,,A,Morn,3,,,A,Noon,3,,,A,Afternoon,3,,,A,Morn,4,,,A,Noon,4,,,A,Afternoon,4,,,B,Morn,1,,,B,Noon,1,69.5622,B,Afternoon,1,76.89795918,B,Morn,2,,,B,Noon,2,,,B,Afternoon,2,,,B,Morn,3,,,B,Noon,3,,,B,Afternoon,3,,,B,Morn,4,,,B,Noon,4,,,B,Afternoon,4,,,C,Morn,1,,,C,Noon,1,,,C,Afternoon,1,,,C,Morn,2,,,C,Noon,2,,,C,Afternoon,2,,,C,Morn,3,,,C,Noon,3,,,C,Afternoon,3,,,C,Morn,4,,,C,Noon,4,,,C,Afternoon,4,
A,Morn,1,,,A,Noon,1,,,A,Afternoon,1,,,A,Morn,2,,,A,Noon,2,,,A,Afternoon,2,,,A,Morn,3,,,A,Noon,3,,,A,Afternoon,3,,,A,Morn,4,,,A,Noon,4,,,A,Afternoon,4,,,B,Morn,1,,,B,Noon,1,75.23755102,B,Afternoon,1,75.05673469,B,Morn,2,,,B,Noon,2,,,B,Afternoon,2,,,B,Morn,3,,,B,Noon,3,,,B,Afternoon,3,,,B,Morn,4,,,B,Noon,4,,,B,Afternoon,4,,,C,Morn,1,,,C,Noon,1,,,C,Afternoon,1,,,C,Morn,2,,,C,Noon,2,,,C,Afternoon,2,,,C,Morn,3,,,C,Noon,3,,,C,Afternoon,3,,,C,Morn,4,,,C,Noon,4,,,C,Afternoon,4,
A,Morn,1,,,A,Noon,1,,,A,Afternoon,1,,,A,Morn,2,,,A,Noon,2,,,A,Afternoon,2,,,A,Morn,3,,,A,Noon,3,,,A,Afternoon,3,,,A,Morn,4,,,A,Noon,4,,,A,Afternoon,4,,,B,Morn,1,,,B,Noon,1,72.72571429,B,Afternoon,1,72.72734694,B,Morn,2,,,B,Noon,2,,,B,Afternoon,2,,,B,Morn,3,,,B,Noon,3,,,B,Afternoon,3,,,B,Morn,4,,,B,Noon,4,,,B,Afternoon,4,,,C,Morn,1,,,C,Noon,1,,,C,Afternoon,1,,,C,Morn,2,,,C,Noon,2,,,C,Afternoon,2,,,C,Morn,3,,,C,Noon,3,,,C,Afternoon,3,,,C,Morn,4,,,C,Noon,4,,,C,Afternoon,4,
A,Morn,1,,,A,Noon,1,,,A,Afternoon,1,,,A,Morn,2,,,A,Noon,2,,,A,Afternoon,2,,,A,Morn,3,,,A,Noon,3,,,A,Afternoon,3,,,A,Morn,4,,,A,Noon,4,,,A,Afternoon,4,,,B,Morn,1,,,B,Noon,1,73.6566,B,Afternoon,1,74.38408163,B,Morn,2,,,B,Noon,2,,,B,Afternoon,2,,,B,Morn,3,,,B,Noon,3,,,B,Afternoon,3,,,B,Morn,4,,,B,Noon,4,,,B,Afternoon,4,,,C,Morn,1,,,C,Noon,1,,,C,Afternoon,1,,,C,Morn,2,,,C,Noon,2,,,C,Afternoon,2,,,C,Morn,3,,,C,Noon,3,,,C,Afternoon,3,,,C,Morn,4,,,C,Noon,4,,,C,Afternoon,4,
A,Morn,1,,,A,Noon,1,,,A,Afternoon,1,,,A,Morn,2,,,A,Noon,2,,,A,Afternoon,2,,,A,Morn,3,,,A,Noon,3,,,A,Afternoon,3,,,A,Morn,4,,,A,Noon,4,,,A,Afternoon,4,,,B,Morn,1,,,B,Noon,1,70.53326531,B,Afternoon,1,74.4994,B,Morn,2,,,B,Noon,2,,,B,Afternoon,2,,,B,Morn,3,,,B,Noon,3,,,B,Afternoon,3,,,B,Morn,4,,,B,Noon,4,,,B,Afternoon,4,,,C,Morn,1,,,C,Noon,1,,,C,Afternoon,1,,,C,Morn,2,,,C,Noon,2,,,C,Afternoon,2,,,C,Morn,3,,,C,Noon,3,,,C,Afternoon,3,,,C,Morn,4,,,C,Noon,4,,,C,Afternoon,4,
A,Morn,1,,,A,Noon,1,,,A,Afternoon,1,,,A,Morn,2,,,A,Noon,2,,,A,Afternoon,2,,,A,Morn,3,,,A,Noon,3,,,A,Afternoon,3,,,A,Morn,4,,,A,Noon,4,,,A,Afternoon,4,,,B,Morn,1,,,B,Noon,1,70.97877551,B,Afternoon,1,75.2644898,B,Morn,2,,,B,Noon,2,,,B,Afternoon,2,,,B,Morn,3,,,B,Noon,3,,,B,Afternoon,3,,,B,Morn,4,,,B,Noon,4,,,B,Afternoon,4,,,C,Morn,1,,,C,Noon,1,,,C,Afternoon,1,,,C,Morn,2,,,C,Noon,2,,,C,Afternoon,2,,,C,Morn,3,,,C,Noon,3,,,C,Afternoon,3,,,C,Morn,4,,,C,Noon,4,,,C,Afternoon,4,
A,Morn,1,,,A,Noon,1,,,A,Afternoon,1,,,A,Morn,2,,,A,Noon,2,,,A,Afternoon,2,,,A,Morn,3,,,A,Noon,3,,,A,Afternoon,3,,,A,Morn,4,,,A,Noon,4,,,A,Afternoon,4,,,B,Morn,1,,,B,Noon,1,72.62693878,B,Afternoon,1,73.00387755,B,Morn,2,,,B,Noon,2,,,B,Afternoon,2,,,B,Morn,3,,,B,Noon,3,,,B,Afternoon,3,,,B,Morn,4,,,B,Noon,4,,,B,Afternoon,4,,,C,Morn,1,,,C,Noon,1,,,C,Afternoon,1,,,C,Morn,2,,,C,Noon,2,,,C,Afternoon,2,,,C,Morn,3,,,C,Noon,3,,,C,Afternoon,3,,,C,Morn,4,,,C,Noon,4,,,C,Afternoon,4,
A,Morn,1,,,A,Noon,1,,,A,Afternoon,1,,,A,Morn,2,,,A,Noon,2,,,A,Afternoon,2,,,A,Morn,3,,,A,Noon,3,,,A,Afternoon,3,,,A,Morn,4,,,A,Noon,4,,,A,Afternoon,4,,,B,Morn,1,,,B,Noon,1,75.70285714,B,Afternoon,1,74.05204082,B,Morn,2,,,B,Noon,2,,,B,Afternoon,2,,,B,Morn,3,,,B,Noon,3,,,B,Afternoon,3,,,B,Morn,4,,,B,Noon,4,,,B,Afternoon,4,,,C,Morn,1,,,C,Noon,1,,,C,Afternoon,1,,,C,Morn,2,,,C,Noon,2,,,C,Afternoon,2,,,C,Morn,3,,,C,Noon,3,,,C,Afternoon,3,,,C,Morn,4,,,C,Noon,4,,,C,Afternoon,4,
A,Morn,1,,,A,Noon,1,,,A,Afternoon,1,,,A,Morn,2,,,A,Noon,2,,,A,Afternoon,2,,,A,Morn,3,,,A,Noon,3,,,A,Afternoon,3,,,A,Morn,4,,,A,Noon,4,,,A,Afternoon,4,,,B,Morn,1,,,B,Noon,1,75.36021739,B,Afternoon,1,70.41326531,B,Morn,2,,,B,Noon,2,,,B,Afternoon,2,,,B,Morn,3,,,B,Noon,3,,,B,Afternoon,3,,,B,Morn,4,,,B,Noon,4,,,B,Afternoon,4,,,C,Morn,1,,,C,Noon,1,,,C,Afternoon,1,,,C,Morn,2,,,C,Noon,2,,,C,Afternoon,2,,,C,Morn,3,,,C,Noon,3,,,C,Afternoon,3,,,C,Morn,4,,,C,Noon,4,,,C,Afternoon,4,
A,Morn,1,,,A,Noon,1,,,A,Afternoon,1,,,A,Morn,2,,,A,Noon,2,,,A,Afternoon,2,,,A,Morn,3,,,A,Noon,3,,,A,Afternoon,3,,,A,Morn,4,,,A,Noon,4,,,A,Afternoon,4,,,B,Morn,1,,,B,Noon,1,74.78163265,B,Afternoon,1,71.0414,B,Morn,2,,,B,Noon,2,,,B,Afternoon,2,,,B,Morn,3,,,B,Noon,3,,,B,Afternoon,3,,,B,Morn,4,,,B,Noon,4,,,B,Afternoon,4,,,C,Morn,1,,,C,Noon,1,,,C,Afternoon,1,,,C,Morn,2,,,C,Noon,2,,,C,Afternoon,2,,,C,Morn,3,,,C,Noon,3,,,C,Afternoon,3,,,C,Morn,4,,,C,Noon,4,,,C,Afternoon,4,
A,Morn,1,,,A,Noon,1,,,A,Afternoon,1,,,A,Morn,2,,,A,Noon,2,,,A,Afternoon,2,,,A,Morn,3,,,A,Noon,3,,,A,Afternoon,3,,,A,Morn,4,,,A,Noon,4,,,A,Afternoon,4,,,B,Morn,1,,,B,Noon,1,74.79326531,B,Afternoon,1,72.69755102,B,Morn,2,,,B,Noon,2,,,B,Afternoon,2,,,B,Morn,3,,,B,Noon,3,,,B,Afternoon,3,,,B,Morn,4,,,B,Noon,4,,,B,Afternoon,4,,,C,Morn,1,,,C,Noon,1,,,C,Afternoon,1,,,C,Morn,2,,,C,Noon,2,,,C,Afternoon,2,,,C,Morn,3,,,C,Noon,3,,,C,Afternoon,3,,,C,Morn,4,,,C,Noon,4,,,C,Afternoon,4,
A,Morn,1,,,A,Noon,1,,,A,Afternoon,1,,,A,Morn,2,,,A,Noon,2,,,A,Afternoon,2,,,A,Morn,3,,,A,Noon,3,,,A,Afternoon,3,,,A,Morn,4,,,A,Noon,4,,,A,Afternoon,4,,,B,Morn,1,,,B,Noon,1,75.63020408,B,Afternoon,1,73.04204082,B,Morn,2,,,B,Noon,2,,,B,Afternoon,2,,,B,Morn,3,,,B,Noon,3,,,B,Afternoon,3,,,B,Morn,4,,,B,Noon,4,,,B,Afternoon,4,,,C,Morn,1,,,C,Noon,1,,,C,Afternoon,1,,,C,Morn,2,,,C,Noon,2,,,C,Afternoon,2,,,C,Morn,3,,,C,Noon,3,,,C,Afternoon,3,,,C,Morn,4,,,C,Noon,4,,,C,Afternoon,4,
A,Morn,1,,,A,Noon,1,,,A,Afternoon,1,,,A,Morn,2,,,A,Noon,2,,,A,Afternoon,2,,,A,Morn,3,,,A,Noon,3,,,A,Afternoon,3,,,A,Morn,4,,,A,Noon,4,,,A,Afternoon,4,,,B,Morn,1,,,B,Noon,1,76.57204082,B,Afternoon,1,71.52510204,B,Morn,2,,,B,Noon,2,,,B,Afternoon,2,,,B,Morn,3,,,B,Noon,3,,,B,Afternoon,3,,,B,Morn,4,,,B,Noon,4,,,B,Afternoon,4,,,C,Morn,1,,,C,Noon,1,,,C,Afternoon,1,,,C,Morn,2,,,C,Noon,2,,,C,Afternoon,2,,,C,Morn,3,,,C,Noon,3,,,C,Afternoon,3,,,C,Morn,4,,,C,Noon,4,,,C,Afternoon,4,
A,Morn,1,,,A,Noon,1,,,A,Afternoon,1,,,A,Morn,2,,,A,Noon,2,,,A,Afternoon,2,,,A,Morn,3,,,A,Noon,3,,,A,Afternoon,3,,,A,Morn,4,,,A,Noon,4,,,A,Afternoon,4,,,B,Morn,1,,,B,Noon,1,74.32632653,B,Afternoon,1,69.78591837,B,Morn,2,,,B,Noon,2,,,B,Afternoon,2,,,B,Morn,3,,,B,Noon,3,,,B,Afternoon,3,,,B,Morn,4,,,B,Noon,4,,,B,Afternoon,4,,,C,Morn,1,,,C,Noon,1,,,C,Afternoon,1,,,C,Morn,2,,,C,Noon,2,,,C,Afternoon,2,,,C,Morn,3,,,C,Noon,3,,,C,Afternoon,3,,,C,Morn,4,,,C,Noon,4,,,C,Afternoon,4,
A,Morn,1,,,A,Noon,1,,,A,Afternoon,1,,,A,Morn,2,,,A,Noon,2,,,A,Afternoon,2,,,A,Morn,3,,,A,Noon,3,,,A,Afternoon,3,,,A,Morn,4,,,A,Noon,4,,,A,Afternoon,4,,,B,Morn,1,,,B,Noon,1,73.13204082,B,Afternoon,1,73.0422,B,Morn,2,,,B,Noon,2,,,B,Afternoon,2,,,B,Morn,3,,,B,Noon,3,,,B,Afternoon,3,,,B,Morn,4,,,B,Noon,4,,,B,Afternoon,4,,,C,Morn,1,,,C,Noon,1,,,C,Afternoon,1,,,C,Morn,2,,,C,Noon,2,,,C,Afternoon,2,,,C,Morn,3,,,C,Noon,3,,,C,Afternoon,3,,,C,Morn,4,,,C,Noon,4,,,C,Afternoon,4,
A,Morn,1,,,A,Noon,1,,,A,Afternoon,1,,,A,Morn,2,,,A,Noon,2,,,A,Afternoon,2,,,A,Morn,3,,,A,Noon,3,,,A,Afternoon,3,,,A,Morn,4,,,A,Noon,4,,,A,Afternoon,4,,,B,Morn,1,,,B,Noon,1,70.1688,B,Afternoon,1,72.5155102,B,Morn,2,,,B,Noon,2,,,B,Afternoon,2,,,B,Morn,3,,,B,Noon,3,,,B,Afternoon,3,,,B,Morn,4,,,B,Noon,4,,,B,Afternoon,4,,,C,Morn,1,,,C,Noon,1,,,C,Afternoon,1,,,C,Morn,2,,,C,Noon,2,,,C,Afternoon,2,,,C,Morn,3,,,C,Noon,3,,,C,Afternoon,3,,,C,Morn,4,,,C,Noon,4,,,C,Afternoon,4,
A,Morn,1,,,A,Noon,1,,,A,Afternoon,1,,,A,Morn,2,,,A,Noon,2,,,A,Afternoon,2,,,A,Morn,3,,,A,Noon,3,,,A,Afternoon,3,,,A,Morn,4,,,A,Noon,4,,,A,Afternoon,4,,,B,Morn,1,,,B,Noon,1,71.28897959,B,Afternoon,1,73.37387755,B,Morn,2,,,B,Noon,2,,,B,Afternoon,2,,,B,Morn,3,,,B,Noon,3,,,B,Afternoon,3,,,B,Morn,4,,,B,Noon,4,,,B,Afternoon,4,,,C,Morn,1,,,C,Noon,1,,,C,Afternoon,1,,,C,Morn,2,,,C,Noon,2,,,C,Afternoon,2,,,C,Morn,3,,,C,Noon,3,,,C,Afternoon,3,,,C,Morn,4,,,C,Noon,4,,,C,Afternoon,4,
A,Morn,1,,,A,Noon,1,,,A,Afternoon,1,,,A,Morn,2,,,A,Noon,2,,,A,Afternoon,2,,,A,Morn,3,,,A,Noon,3,,,A,Afternoon,3,,,A,Morn,4,,,A,Noon,4,,,A,Afternoon,4,,,B,Morn,1,,,B,Noon,1,71.00326531,B,Afternoon,1,74.02653061,B,Morn,2,,,B,Noon,2,,,B,Afternoon,2,,,B,Morn,3,,,B,Noon,3,,,B,Afternoon,3,,,B,Morn,4,,,B,Noon,4,,,B,Afternoon,4,,,C,Morn,1,,,C,Noon,1,,,C,Afternoon,1,,,C,Morn,2,,,C,Noon,2,,,C,Afternoon,2,,,C,Morn,3,,,C,Noon,3,,,C,Afternoon,3,,,C,Morn,4,,,C,Noon,4,,,C,Afternoon,4,
A,Morn,1,,,A,Noon,1,,,A,Afternoon,1,,,A,Morn,2,,,A,Noon,2,,,A,Afternoon,2,,,A,Morn,3,,,A,Noon,3,,,A,Afternoon,3,,,A,Morn,4,,,A,Noon,4,,,A,Afternoon,4,,,B,Morn,1,,,B,Noon,1,73.68857143,B,Afternoon,1,74.66061224,B,Morn,2,,,B,Noon,2,,,B,Afternoon,2,,,B,Morn,3,,,B,Noon,3,,,B,Afternoon,3,,,B,Morn,4,,,B,Noon,4,,,B,Afternoon,4,,,C,Morn,1,,,C,Noon,1,,,C,Afternoon,1,,,C,Morn,2,,,C,Noon,2,,,C,Afternoon,2,,,C,Morn,3,,,C,Noon,3,,,C,Afternoon,3,,,C,Morn,4,,,C,Noon,4,,,C,Afternoon,4,
A,Morn,1,,,A,Noon,1,,,A,Afternoon,1,,,A,Morn,2,,,A,Noon,2,,,A,Afternoon,2,,,A,Morn,3,,,A,Noon,3,,,A,Afternoon,3,,,A,Morn,4,,,A,Noon,4,,,A,Afternoon,4,,,B,Morn,1,,,B,Noon,1,76.4002,B,Afternoon,1,73.79571429,B,Morn,2,,,B,Noon,2,,,B,Afternoon,2,,,B,Morn,3,,,B,Noon,3,,,B,Afternoon,3,,,B,Morn,4,,,B,Noon,4,,,B,Afternoon,4,,,C,Morn,1,,,C,Noon,1,,,C,Afternoon,1,,,C,Morn,2,,,C,Noon,2,,,C,Afternoon,2,,,C,Morn,3,,,C,Noon,3,,,C,Afternoon,3,,,C,Morn,4,,,C,Noon,4,,,C,Afternoon,4,
A,Morn,1,,,A,Noon,1,,,A,Afternoon,1,,,A,Morn,2,,,A,Noon,2,,,A,Afternoon,2,,,A,Morn,3,,,A,Noon,3,,,A,Afternoon,3,,,A,Morn,4,,,A,Noon,4,,,A,Afternoon,4,,,B,Morn,1,,,B,Noon,1,75.54346939,B,Afternoon,1,75.4904,B,Morn,2,,,B,Noon,2,,,B,Afternoon,2,,,B,Morn,3,,,B,Noon,3,,,B,Afternoon,3,,,B,Morn,4,,,B,Noon,4,,,B,Afternoon,4,,,C,Morn,1,,,C,Noon,1,,,C,Afternoon,1,,,C,Morn,2,,,C,Noon,2,,,C,Afternoon,2,,,C,Morn,3,,,C,Noon,3,,,C,Afternoon,3,,,C,Morn,4,,,C,Noon,4,,,C,Afternoon,4,
A,Morn,1,,,A,Noon,1,,,A,Afternoon,1,,,A,Morn,2,,,A,Noon,2,,,A,Afternoon,2,,,A,Morn,3,,,A,Noon,3,,,A,Afternoon,3,,,A,Morn,4,,,A,Noon,4,,,A,Afternoon,4,,,B,Morn,1,,,B,Noon,1,76.84653061,B,Afternoon,1,76.10244898,B,Morn,2,,,B,Noon,2,,,B,Afternoon,2,,,B,Morn,3,,,B,Noon,3,,,B,Afternoon,3,,,B,Morn,4,,,B,Noon,4,,,B,Afternoon,4,,,C,Morn,1,,,C,Noon,1,,,C,Afternoon,1,,,C,Morn,2,,,C,Noon,2,,,C,Afternoon,2,,,C,Morn,3,,,C,Noon,3,,,C,Afternoon,3,,,C,Morn,4,,,C,Noon,4,,,C,Afternoon,4,
A,Morn,1,,,A,Noon,1,,,A,Afternoon,1,,,A,Morn,2,,,A,Noon,2,,,A,Afternoon,2,,,A,Morn,3,,,A,Noon,3,,,A,Afternoon,3,,,A,Morn,4,,,A,Noon,4,,,A,Afternoon,4,,,B,Morn,1,,,B,Noon,1,75.87306122,B,Afternoon,1,75.39387755,B,Morn,2,,,B,Noon,2,,,B,Afternoon,2,,,B,Morn,3,,,B,Noon,3,,,B,Afternoon,3,,,B,Morn,4,,,B,Noon,4,,,B,Afternoon,4,,,C,Morn,1,,,C,Noon,1,,,C,Afternoon,1,,,C,Morn,2,,,C,Noon,2,,,C,Afternoon,2,,,C,Morn,3,,,C,Noon,3,,,C,Afternoon,3,,,C,Morn,4,,,C,Noon,4,,,C,Afternoon,4,
A,Morn,1,,,A,Noon,1,,,A,Afternoon,1,,,A,Morn,2,,,A,Noon,2,,,A,Afternoon,2,,,A,Morn,3,,,A,Noon,3,,,A,Afternoon,3,,,A,Morn,4,,,A,Noon,4,,,A,Afternoon,4,,,B,Morn,1,,,B,Noon,1,78.15061224,B,Afternoon,1,74.00408163,B,Morn,2,,,B,Noon,2,,,B,Afternoon,2,,,B,Morn,3,,,B,Noon,3,,,B,Afternoon,3,,,B,Morn,4,,,B,Noon,4,,,B,Afternoon,4,,,C,Morn,1,,,C,Noon,1,,,C,Afternoon,1,,,C,Morn,2,,,C,Noon,2,,,C,Afternoon,2,,,C,Morn,3,,,C,Noon,3,,,C,Afternoon,3,,,C,Morn,4,,,C,Noon,4,,,C,Afternoon,4,
A,Morn,1,,,A,Noon,1,,,A,Afternoon,1,,,A,Morn,2,,,A,Noon,2,,,A,Afternoon,2,,,A,Morn,3,,,A,Noon,3,,,A,Afternoon,3,,,A,Morn,4,,,A,Noon,4,,,A,Afternoon,4,,,B,Morn,1,,,B,Noon,1,76.81938776,B,Afternoon,1,74.5722449,B,Morn,2,,,B,Noon,2,,,B,Afternoon,2,,,B,Morn,3,,,B,Noon,3,,,B,Afternoon,3,,,B,Morn,4,,,B,Noon,4,,,B,Afternoon,4,,,C,Morn,1,,,C,Noon,1,,,C,Afternoon,1,,,C,Morn,2,,,C,Noon,2,,,C,Afternoon,2,,,C,Morn,3,,,C,Noon,3,,,C,Afternoon,3,,,C,Morn,4,,,C,Noon,4,,,C,Afternoon,4,
A,Morn,1,,,A,Noon,1,,,A,Afternoon,1,,,A,Morn,2,,,A,Noon,2,,,A,Afternoon,2,,,A,Morn,3,,,A,Noon,3,,,A,Afternoon,3,,,A,Morn,4,,,A,Noon,4,,,A,Afternoon,4,,,B,Morn,1,,,B,Noon,1,77.0444,B,Afternoon,1,73.73,B,Morn,2,,,B,Noon,2,,,B,Afternoon,2,,,B,Morn,3,,,B,Noon,3,,,B,Afternoon,3,,,B,Morn,4,,,B,Noon,4,,,B,Afternoon,4,,,C,Morn,1,,,C,Noon,1,,,C,Afternoon,1,,,C,Morn,2,,,C,Noon,2,,,C,Afternoon,2,,,C,Morn,3,,,C,Noon,3,,,C,Afternoon,3,,,C,Morn,4,,,C,Noon,4,,,C,Afternoon,4,
A,Morn,1,,,A,Noon,1,,,A,Afternoon,1,,,A,Morn,2,,,A,Noon,2,,,A,Afternoon,2,,,A,Morn,3,,,A,Noon,3,,,A,Afternoon,3,,,A,Morn,4,,,A,Noon,4,,,A,Afternoon,4,,,B,Morn,1,,,B,Noon,1,77.00469388,B,Afternoon,1,73.9777551,B,Morn,2,,,B,Noon,2,,,B,Afternoon,2,,,B,Morn,3,,,B,Noon,3,,,B,Afternoon,3,,,B,Morn,4,,,B,Noon,4,,,B,Afternoon,4,,,C,Morn,1,,,C,Noon,1,,,C,Afternoon,1,,,C,Morn,2,,,C,Noon,2,,,C,Afternoon,2,,,C,Morn,3,,,C,Noon,3,,,C,Afternoon,3,,,C,Morn,4,,,C,Noon,4,,,C,Afternoon,4,
A,Morn,1,,,A,Noon,1,,,A,Afternoon,1,,,A,Morn,2,,,A,Noon,2,,,A,Afternoon,2,,,A,Morn,3,,,A,Noon,3,,,A,Afternoon,3,,,A,Morn,4,,,A,Noon,4,,,A,Afternoon,4,,,B,Morn,1,,,B,Noon,1,76.43612245,B,Afternoon,1,74.87346939,B,Morn,2,,,B,Noon,2,,,B,Afternoon,2,,,B,Morn,3,,,B,Noon,3,,,B,Afternoon,3,,,B,Morn,4,,,B,Noon,4,,,B,Afternoon,4,,,C,Morn,1,,,C,Noon,1,,,C,Afternoon,1,,,C,Morn,2,,,C,Noon,2,,,C,Afternoon,2,,,C,Morn,3,,,C,Noon,3,,,C,Afternoon,3,,,C,Morn,4,,,C,Noon,4,,,C,Afternoon,4,
A,Morn,1,,,A,Noon,1,,,A,Afternoon,1,,,A,Morn,2,,,A,Noon,2,,,A,Afternoon,2,,,A,Morn,3,,,A,Noon,3,,,A,Afternoon,3,,,A,Morn,4,,,A,Noon,4,,,A,Afternoon,4,,,B,Morn,1,,,B,Noon,1,75.4255102,B,Afternoon,1,71.42469388,B,Morn,2,,,B,Noon,2,,,B,Afternoon,2,,,B,Morn,3,,,B,Noon,3,,,B,Afternoon,3,,,B,Morn,4,,,B,Noon,4,,,B,Afternoon,4,,,C,Morn,1,,,C,Noon,1,,,C,Afternoon,1,,,C,Morn,2,,,C,Noon,2,,,C,Afternoon,2,,,C,Morn,3,,,C,Noon,3,,,C,Afternoon,3,,,C,Morn,4,,,C,Noon,4,,,C,Afternoon,4,
A,Morn,1,,,A,Noon,1,,,A,Afternoon,1,,,A,Morn,2,,,A,Noon,2,,,A,Afternoon,2,,,A,Morn,3,,,A,Noon,3,,,A,Afternoon,3,,,A,Morn,4,,,A,Noon,4,,,A,Afternoon,4,,,B,Morn,1,,,B,Noon,1,74.92836735,B,Afternoon,1,72.73918367,B,Morn,2,,,B,Noon,2,,,B,Afternoon,2,,,B,Morn,3,,,B,Noon,3,,,B,Afternoon,3,,,B,Morn,4,,,B,Noon,4,,,B,Afternoon,4,,,C,Morn,1,,,C,Noon,1,,,C,Afternoon,1,,,C,Morn,2,,,C,Noon,2,,,C,Afternoon,2,,,C,Morn,3,,,C,Noon,3,,,C,Afternoon,3,,,C,Morn,4,,,C,Noon,4,,,C,Afternoon,4,
A,Morn,1,,,A,Noon,1,,,A,Afternoon,1,,,A,Morn,2,,,A,Noon,2,,,A,Afternoon,2,,,A,Morn,3,,,A,Noon,3,,,A,Afternoon,3,,,A,Morn,4,,,A,Noon,4,,,A,Afternoon,4,,,B,Morn,1,,,B,Noon,1,75.82693878,B,Afternoon,1,71.9776,B,Morn,2,,,B,Noon,2,,,B,Afternoon,2,,,B,Morn,3,,,B,Noon,3,,,B,Afternoon,3,,,B,Morn,4,,,B,Noon,4,,,B,Afternoon,4,,,C,Morn,1,,,C,Noon,1,,,C,Afternoon,1,,,C,Morn,2,,,C,Noon,2,,,C,Afternoon,2,,,C,Morn,3,,,C,Noon,3,,,C,Afternoon,3,,,C,Morn,4,,,C,Noon,4,,,C,Afternoon,4,
A,Morn,1,,,A,Noon,1,,,A,Afternoon,1,,,A,Morn,2,,,A,Noon,2,,,A,Afternoon,2,,,A,Morn,3,,,A,Noon,3,,,A,Afternoon,3,,,A,Morn,4,,,A,Noon,4,,,A,Afternoon,4,,,B,Morn,1,,,B,Noon,1,75.867,B,Afternoon,1,73.3416,B,Morn,2,73.3416,B,Noon,2,,,B,Afternoon,2,,,B,Morn,3,,,B,Noon,3,,,B,Afternoon,3,,,B,Morn,4,,,B,Noon,4,,,B,Afternoon,4,,,C,Morn,1,,,C,Noon,1,,,C,Afternoon,1,,,C,Morn,2,,,C,Noon,2,,,C,Afternoon,2,,,C,Morn,3,,,C,Noon,3,,,C,Afternoon,3,,,C,Morn,4,,,C,Noon,4,,,C,Afternoon,4,
A,Morn,1,,,A,Noon,1,,,A,Afternoon,1,,,A,Morn,2,,,A,Noon,2,,,A,Afternoon,2,,,A,Morn,3,,,A,Noon,3,,,A,Afternoon,3,,,A,Morn,4,,,A,Noon,4,,,A,Afternoon,4,,,B,Morn,1,,,B,Noon,1,74.37163265,B,Afternoon,1,73.8544898,B,Morn,2,,,B,Noon,2,,,B,Afternoon,2,,,B,Morn,3,,,B,Noon,3,,,B,Afternoon,3,,,B,Morn,4,,,B,Noon,4,,,B,Afternoon,4,,,C,Morn,1,,,C,Noon,1,,,C,Afternoon,1,,,C,Morn,2,,,C,Noon,2,,,C,Afternoon,2,,,C,Morn,3,,,C,Noon,3,,,C,Afternoon,3,,,C,Morn,4,,,C,Noon,4,,,C,Afternoon,4,
A,Morn,1,,,A,Noon,1,,,A,Afternoon,1,,,A,Morn,2,,,A,Noon,2,,,A,Afternoon,2,,,A,Morn,3,,,A,Noon,3,,,A,Afternoon,3,,,A,Morn,4,,,A,Noon,4,,,A,Afternoon,4,,,B,Morn,1,,,B,Noon,1,75.23795918,B,Afternoon,1,71.14959184,B,Morn,2,,,B,Noon,2,,,B,Afternoon,2,,,B,Morn,3,,,B,Noon,3,,,B,Afternoon,3,,,B,Morn,4,,,B,Noon,4,,,B,Afternoon,4,,,C,Morn,1,,,C,Noon,1,,,C,Afternoon,1,,,C,Morn,2,,,C,Noon,2,,,C,Afternoon,2,,,C,Morn,3,,,C,Noon,3,,,C,Afternoon,3,,,C,Morn,4,,,C,Noon,4,,,C,Afternoon,4,
A,Morn,1,,,A,Noon,1,,,A,Afternoon,1,,,A,Morn,2,,,A,Noon,2,,,A,Afternoon,2,,,A,Morn,3,,,A,Noon,3,,,A,Afternoon,3,,,A,Morn,4,,,A,Noon,4,,,A,Afternoon,4,,,B,Morn,1,,,B,Noon,1,79.60795918,B,Afternoon,1,70.14244898,B,Morn,2,,,B,Noon,2,,,B,Afternoon,2,,,B,Morn,3,,,B,Noon,3,,,B,Afternoon,3,,,B,Morn,4,,,B,Noon,4,,,B,Afternoon,4,,,C,Morn,1,,,C,Noon,1,,,C,Afternoon,1,,,C,Morn,2,,,C,Noon,2,,,C,Afternoon,2,,,C,Morn,3,,,C,Noon,3,,,C,Afternoon,3,,,C,Morn,4,,,C,Noon,4,,,C,Afternoon,4,
A,Morn,1,,,A,Noon,1,,,A,Afternoon,1,,,A,Morn,2,,,A,Noon,2,,,A,Afternoon,2,,,A,Morn,3,,,A,Noon,3,,,A,Afternoon,3,,,A,Morn,4,,,A,Noon,4,,,A,Afternoon,4,,,B,Morn,1,,,B,Noon,1,77.4684,B,Afternoon,1,72.15367347,B,Morn,2,,,B,Noon,2,,,B,Afternoon,2,,,B,Morn,3,,,B,Noon,3,,,B,Afternoon,3,,,B,Morn,4,,,B,Noon,4,,,B,Afternoon,4,,,C,Morn,1,,,C,Noon,1,,,C,Afternoon,1,,,C,Morn,2,,,C,Noon,2,,,C,Afternoon,2,,,C,Morn,3,,,C,Noon,3,,,C,Afternoon,3,,,C,Morn,4,,,C,Noon,4,,,C,Afternoon,4,
A,Morn,1,,,A,Noon,1,,,A,Afternoon,1,,,A,Morn,2,,,A,Noon,2,,,A,Afternoon,2,,,A,Morn,3,,,A,Noon,3,,,A,Afternoon,3,,,A,Morn,4,,,A,Noon,4,,,A,Afternoon,4,,,B,Morn,1,,,B,Noon,1,79.75530612,B,Afternoon,1,71.61591837,B,Morn,2,,,B,Noon,2,,,B,Afternoon,2,,,B,Morn,3,,,B,Noon,3,,,B,Afternoon,3,,,B,Morn,4,,,B,Noon,4,,,B,Afternoon,4,,,C,Morn,1,,,C,Noon,1,,,C,Afternoon,1,,,C,Morn,2,,,C,Noon,2,,,C,Afternoon,2,,,C,Morn,3,,,C,Noon,3,,,C,Afternoon,3,,,C,Morn,4,,,C,Noon,4,,,C,Afternoon,4,
A,Morn,1,,,A,Noon,1,,,A,Afternoon,1,,,A,Morn,2,,,A,Noon,2,,,A,Afternoon,2,,,A,Morn,3,,,A,Noon,3,,,A,Afternoon,3,,,A,Morn,4,,,A,Noon,4,,,A,Afternoon,4,,,B,Morn,1,,,B,Noon,1,79.42081633,B,Afternoon,1,72.95061224,B,Morn,2,,,B,Noon,2,,,B,Afternoon,2,,,B,Morn,3,,,B,Noon,3,,,B,Afternoon,3,,,B,Morn,4,,,B,Noon,4,,,B,Afternoon,4,,,C,Morn,1,,,C,Noon,1,,,C,Afternoon,1,,,C,Morn,2,,,C,Noon,2,,,C,Afternoon,2,,,C,Morn,3,,,C,Noon,3,,,C,Afternoon,3,,,C,Morn,4,,,C,Noon,4,,,C,Afternoon,4,
A,Morn,1,,,A,Noon,1,,,A,Afternoon,1,,,A,Morn,2,,,A,Noon,2,,,A,Afternoon,2,,,A,Morn,3,,,A,Noon,3,,,A,Afternoon,3,,,A,Morn,4,,,A,Noon,4,,,A,Afternoon,4,,,B,Morn,1,,,B,Noon,1,80.7777551,B,Afternoon,1,72.71122449,B,Morn,2,,,B,Noon,2,,,B,Afternoon,2,,,B,Morn,3,,,B,Noon,3,,,B,Afternoon,3,,,B,Morn,4,,,B,Noon,4,,,B,Afternoon,4,,,C,Morn,1,,,C,Noon,1,,,C,Afternoon,1,,,C,Morn,2,,,C,Noon,2,,,C,Afternoon,2,,,C,Morn,3,,,C,Noon,3,,,C,Afternoon,3,,,C,Morn,4,,,C,Noon,4,,,C,Afternoon,4,
A,Morn,1,,,A,Noon,1,,,A,Afternoon,1,,,A,Morn,2,,,A,Noon,2,,,A,Afternoon,2,,,A,Morn,3,,,A,Noon,3,,,A,Afternoon,3,,,A,Morn,4,,,A,Noon,4,,,A,Afternoon,4,,,B,Morn,1,,,B,Noon,1,78.9378,B,Afternoon,1,75.12734694,B,Morn,2,,,B,Noon,2,,,B,Afternoon,2,,,B,Morn,3,,,B,Noon,3,,,B,Afternoon,3,,,B,Morn,4,,,B,Noon,4,,,B,Afternoon,4,,,C,Morn,1,,,C,Noon,1,,,C,Afternoon,1,,,C,Morn,2,,,C,Noon,2,,,C,Afternoon,2,,,C,Morn,3,,,C,Noon,3,,,C,Afternoon,3,,,C,Morn,4,,,C,Noon,4,,,C,Afternoon,4,
A,Morn,1,,,A,Noon,1,,,A,Afternoon,1,,,A,Morn,2,,,A,Noon,2,,,A,Afternoon,2,,,A,Morn,3,,,A,Noon,3,,,A,Afternoon,3,,,A,Morn,4,,,A,Noon,4,,,A,Afternoon,4,,,B,Morn,1,,,B,Noon,1,75.96244898,B,Afternoon,1,72.2472,B,Morn,2,,,B,Noon,2,,,B,Afternoon,2,,,B,Morn,3,,,B,Noon,3,,,B,Afternoon,3,,,B,Morn,4,,,B,Noon,4,,,B,Afternoon,4,,,C,Morn,1,,,C,Noon,1,,,C,Afternoon,1,,,C,Morn,2,,,C,Noon,2,,,C,Afternoon,2,,,C,Morn,3,,,C,Noon,3,,,C,Afternoon,3,,,C,Morn,4,,,C,Noon,4,,,C,Afternoon,4,
A,Morn,1,,,A,Noon,1,,,A,Afternoon,1,,,A,Morn,2,,,A,Noon,2,,,A,Afternoon,2,,,A,Morn,3,,,A,Noon,3,,,A,Afternoon,3,,,A,Morn,4,,,A,Noon,4,,,A,Afternoon,4,,,B,Morn,1,,,B,Noon,1,75.95877551,B,Afternoon,1,68.46836735,B,Morn,2,,,B,Noon,2,,,B,Afternoon,2,,,B,Morn,3,,,B,Noon,3,,,B,Afternoon,3,,,B,Morn,4,,,B,Noon,4,,,B,Afternoon,4,,,C,Morn,1,,,C,Noon,1,,,C,Afternoon,1,,,C,Morn,2,,,C,Noon,2,,,C,Afternoon,2,,,C,Morn,3,,,C,Noon,3,,,C,Afternoon,3,,,C,Morn,4,,,C,Noon,4,,,C,Afternoon,4,
A,Morn,1,,,A,Noon,1,,,A,Afternoon,1,,,A,Morn,2,,,A,Noon,2,,,A,Afternoon,2,,,A,Morn,3,,,A,Noon,3,,,A,Afternoon,3,,,A,Morn,4,,,A,Noon,4,,,A,Afternoon,4,,,B,Morn,1,,,B,Noon,1,72.48632653,B,Afternoon,1,68.29591837,B,Morn,2,,,B,Noon,2,,,B,Afternoon,2,,,B,Morn,3,,,B,Noon,3,,,B,Afternoon,3,,,B,Morn,4,,,B,Noon,4,,,B,Afternoon,4,,,C,Morn,1,,,C,Noon,1,,,C,Afternoon,1,,,C,Morn,2,,,C,Noon,2,,,C,Afternoon,2,,,C,Morn,3,,,C,Noon,3,,,C,Afternoon,3,,,C,Morn,4,,,C,Noon,4,,,C,Afternoon,4,
A,Morn,1,,,A,Noon,1,,,A,Afternoon,1,,,A,Morn,2,,,A,Noon,2,,,A,Afternoon,2,,,A,Morn,3,,,A,Noon,3,,,A,Afternoon,3,,,A,Morn,4,,,A,Noon,4,,,A,Afternoon,4,,,B,Morn,1,,,B,Noon,1,78.5398,B,Afternoon,1,68.28061224,B,Morn,2,,,B,Noon,2,,,B,Afternoon,2,,,B,Morn,3,,,B,Noon,3,,,B,Afternoon,3,,,B,Morn,4,,,B,Noon,4,,,B,Afternoon,4,,,C,Morn,1,,,C,Noon,1,,,C,Afternoon,1,,,C,Morn,2,,,C,Noon,2,,,C,Afternoon,2,,,C,Morn,3,,,C,Noon,3,,,C,Afternoon,3,,,C,Morn,4,,,C,Noon,4,,,C,Afternoon,4,
A,Morn,1,,,A,Noon,1,,,A,Afternoon,1,,,A,Morn,2,,,A,Noon,2,,,A,Afternoon,2,,,A,Morn,3,,,A,Noon,3,,,A,Afternoon,3,,,A,Morn,4,,,A,Noon,4,,,A,Afternoon,4,,,B,Morn,1,,,B,Noon,1,78.14755102,B,Afternoon,1,67.27387755,B,Morn,2,,,B,Noon,2,,,B,Afternoon,2,,,B,Morn,3,,,B,Noon,3,,,B,Afternoon,3,,,B,Morn,4,,,B,Noon,4,,,B,Afternoon,4,,,C,Morn,1,,,C,Noon,1,,,C,Afternoon,1,,,C,Morn,2,,,C,Noon,2,,,C,Afternoon,2,,,C,Morn,3,,,C,Noon,3,,,C,Afternoon,3,,,C,Morn,4,,,C,Noon,4,,,C,Afternoon,4,
A,Morn,1,,,A,Noon,1,,,A,Afternoon,1,,,A,Morn,2,,,A,Noon,2,,,A,Afternoon,2,,,A,Morn,3,,,A,Noon,3,,,A,Afternoon,3,,,A,Morn,4,,,A,Noon,4,,,A,Afternoon,4,,,B,Morn,1,,,B,Noon,1,77.20571429,B,Afternoon,1,69.99387755,B,Morn,2,,,B,Noon,2,,,B,Afternoon,2,,,B,Morn,3,,,B,Noon,3,,,B,Afternoon,3,,,B,Morn,4,,,B,Noon,4,,,B,Afternoon,4,,,C,Morn,1,,,C,Noon,1,,,C,Afternoon,1,,,C,Morn,2,,,C,Noon,2,,,C,Afternoon,2,,,C,Morn,3,,,C,Noon,3,,,C,Afternoon,3,,,C,Morn,4,,,C,Noon,4,,,C,Afternoon,4,
A,Morn,1,,,A,Noon,1,,,A,Afternoon,1,,,A,Morn,2,,,A,Noon,2,,,A,Afternoon,2,,,A,Morn,3,,,A,Noon,3,,,A,Afternoon,3,,,A,Morn,4,,,A,Noon,4,,,A,Afternoon,4,,,B,Morn,1,,,B,Noon,1,73.6776,B,Afternoon,1,69.5655102,B,Morn,2,,,B,Noon,2,,,B,Afternoon,2,,,B,Morn,3,,,B,Noon,3,,,B,Afternoon,3,,,B,Morn,4,,,B,Noon,4,,,B,Afternoon,4,,,C,Morn,1,,,C,Noon,1,,,C,Afternoon,1,,,C,Morn,2,,,C,Noon,2,,,C,Afternoon,2,,,C,Morn,3,,,C,Noon,3,,,C,Afternoon,3,,,C,Morn,4,,,C,Noon,4,,,C,Afternoon,4,
A,Morn,1,,,A,Noon,1,,,A,Afternoon,1,,,A,Morn,2,,,A,Noon,2,,,A,Afternoon,2,,,A,Morn,3,,,A,Noon,3,,,A,Afternoon,3,,,A,Morn,4,,,A,Noon,4,,,A,Afternoon,4,,,B,Morn,1,,,B,Noon,1,80.03836735,B,Afternoon,1,69.9125,B,Morn,2,,,B,Noon,2,,,B,Afternoon,2,,,B,Morn,3,,,B,Noon,3,,,B,Afternoon,3,,,B,Morn,4,,,B,Noon,4,,,B,Afternoon,4,,,C,Morn,1,,,C,Noon,1,,,C,Afternoon,1,,,C,Morn,2,,,C,Noon,2,,,C,Afternoon,2,,,C,Morn,3,,,C,Noon,3,,,C,Afternoon,3,,,C,Morn,4,,,C,Noon,4,,,C,Afternoon,4,
A,Morn,1,,,A,Noon,1,,,A,Afternoon,1,,,A,Morn,2,,,A,Noon,2,,,A,Afternoon,2,,,A,Morn,3,,,A,Noon,3,,,A,Afternoon,3,,,A,Morn,4,,,A,Noon,4,,,A,Afternoon,4,,,B,Morn,1,,,B,Noon,1,77.0006,B,Afternoon,1,73.19183673,B,Morn,2,,,B,Noon,2,,,B,Afternoon,2,,,B,Morn,3,,,B,Noon,3,,,B,Afternoon,3,,,B,Morn,4,,,B,Noon,4,,,B,Afternoon,4,,,C,Morn,1,,,C,Noon,1,,,C,Afternoon,1,,,C,Morn,2,,,C,Noon,2,,,C,Afternoon,2,,,C,Morn,3,,,C,Noon,3,,,C,Afternoon,3,,,C,Morn,4,,,C,Noon,4,,,C,Afternoon,4,
A,Morn,1,,,A,Noon,1,,,A,Afternoon,1,,,A,Morn,2,,,A,Noon,2,,,A,Afternoon,2,,,A,Morn,3,,,A,Noon,3,,,A,Afternoon,3,,,A,Morn,4,,,A,Noon,4,,,A,Afternoon,4,,,B,Morn,1,,,B,Noon,1,76.83591837,B,Afternoon,1,72.103,B,Morn,2,,,B,Noon,2,,,B,Afternoon,2,,,B,Morn,3,,,B,Noon,3,,,B,Afternoon,3,,,B,Morn,4,,,B,Noon,4,,,B,Afternoon,4,,,C,Morn,1,,,C,Noon,1,,,C,Afternoon,1,,,C,Morn,2,,,C,Noon,2,,,C,Afternoon,2,,,C,Morn,3,,,C,Noon,3,,,C,Afternoon,3,,,C,Morn,4,,,C,Noon,4,,,C,Afternoon,4,
A,Morn,1,,,A,Noon,1,,,A,Afternoon,1,,,A,Morn,2,,,A,Noon,2,,,A,Afternoon,2,,,A,Morn,3,,,A,Noon,3,,,A,Afternoon,3,,,A,Morn,4,,,A,Noon,4,,,A,Afternoon,4,,,B,Morn,1,,,B,Noon,1,78.4678,B,Afternoon,1,70.84918367,B,Morn,2,,,B,Noon,2,,,B,Afternoon,2,,,B,Morn,3,,,B,Noon,3,,,B,Afternoon,3,,,B,Morn,4,,,B,Noon,4,,,B,Afternoon,4,,,C,Morn,1,,,C,Noon,1,,,C,Afternoon,1,,,C,Morn,2,,,C,Noon,2,,,C,Afternoon,2,,,C,Morn,3,,,C,Noon,3,,,C,Afternoon,3,,,C,Morn,4,,,C,Noon,4,,,C,Afternoon,4,
A,Morn,1,,,A,Noon,1,,,A,Afternoon,1,,,A,Morn,2,,,A,Noon,2,,,A,Afternoon,2,,,A,Morn,3,,,A,Noon,3,,,A,Afternoon,3,,,A,Morn,4,,,A,Noon,4,,,A,Afternoon,4,,,B,Morn,1,,,B,Noon,1,78.97265306,B,Afternoon,1,68.77816327,B,Morn,2,,,B,Noon,2,,,B,Afternoon,2,,,B,Morn,3,,,B,Noon,3,,,B,Afternoon,3,,,B,Morn,4,,,B,Noon,4,,,B,Afternoon,4,,,C,Morn,1,,,C,Noon,1,,,C,Afternoon,1,,,C,Morn,2,,,C,Noon,2,,,C,Afternoon,2,,,C,Morn,3,,,C,Noon,3,,,C,Afternoon,3,,,C,Morn,4,,,C,Noon,4,,,C,Afternoon,4,
A,Morn,1,,,A,Noon,1,,,A,Afternoon,1,,,A,Morn,2,,,A,Noon,2,,,A,Afternoon,2,,,A,Morn,3,,,A,Noon,3,,,A,Afternoon,3,,,A,Morn,4,,,A,Noon,4,,,A,Afternoon,4,,,B,Morn,1,,,B,Noon,1,78.13,B,Afternoon,1,68.50367347,B,Morn,2,,,B,Noon,2,,,B,Afternoon,2,,,B,Morn,3,,,B,Noon,3,,,B,Afternoon,3,,,B,Morn,4,,,B,Noon,4,,,B,Afternoon,4,,,C,Morn,1,,,C,Noon,1,,,C,Afternoon,1,,,C,Morn,2,,,C,Noon,2,,,C,Afternoon,2,,,C,Morn,3,,,C,Noon,3,,,C,Afternoon,3,,,C,Morn,4,,,C,Noon,4,,,C,Afternoon,4,
A,Morn,1,,,A,Noon,1,,,A,Afternoon,1,,,A,Morn,2,,,A,Noon,2,,,A,Afternoon,2,,,A,Morn,3,,,A,Noon,3,,,A,Afternoon,3,,,A,Morn,4,,,A,Noon,4,,,A,Afternoon,4,,,B,Morn,1,,,B,Noon,1,75.6058,B,Afternoon,1,68.4768,B,Morn,2,,,B,Noon,2,,,B,Afternoon,2,,,B,Morn,3,,,B,Noon,3,,,B,Afternoon,3,,,B,Morn,4,,,B,Noon,4,,,B,Afternoon,4,,,C,Morn,1,,,C,Noon,1,,,C,Afternoon,1,,,C,Morn,2,,,C,Noon,2,,,C,Afternoon,2,,,C,Morn,3,,,C,Noon,3,,,C,Afternoon,3,,,C,Morn,4,,,C,Noon,4,,,C,Afternoon,4,
A,Morn,1,,,A,Noon,1,,,A,Afternoon,1,,,A,Morn,2,,,A,Noon,2,,,A,Afternoon,2,,,A,Morn,3,,,A,Noon,3,,,A,Afternoon,3,,,A,Morn,4,,,A,Noon,4,,,A,Afternoon,4,,,B,Morn,1,,,B,Noon,1,76.29673469,B,Afternoon,1,69.60979592,B,Morn,2,,,B,Noon,2,,,B,Afternoon,2,,,B,Morn,3,,,B,Noon,3,,,B,Afternoon,3,,,B,Morn,4,,,B,Noon,4,,,B,Afternoon,4,,,C,Morn,1,,,C,Noon,1,,,C,Afternoon,1,,,C,Morn,2,,,C,Noon,2,,,C,Afternoon,2,,,C,Morn,3,,,C,Noon,3,,,C,Afternoon,3,,,C,Morn,4,,,C,Noon,4,,,C,Afternoon,4,
A,Morn,1,,,A,Noon,1,,,A,Afternoon,1,,,A,Morn,2,,,A,Noon,2,,,A,Afternoon,2,,,A,Morn,3,,,A,Noon,3,,,A,Afternoon,3,,,A,Morn,4,,,A,Noon,4,,,A,Afternoon,4,,,B,Morn,1,,,B,Noon,1,76.736,B,Afternoon,1,74.31877551,B,Morn,2,,,B,Noon,2,,,B,Afternoon,2,,,B,Morn,3,,,B,Noon,3,,,B,Afternoon,3,,,B,Morn,4,,,B,Noon,4,,,B,Afternoon,4,,,C,Morn,1,,,C,Noon,1,,,C,Afternoon,1,,,C,Morn,2,,,C,Noon,2,,,C,Afternoon,2,,,C,Morn,3,,,C,Noon,3,,,C,Afternoon,3,,,C,Morn,4,,,C,Noon,4,,,C,Afternoon,4,
A,Morn,1,,,A,Noon,1,,,A,Afternoon,1,,,A,Morn,2,,,A,Noon,2,,,A,Afternoon,2,,,A,Morn,3,,,A,Noon,3,,,A,Afternoon,3,,,A,Morn,4,,,A,Noon,4,,,A,Afternoon,4,,,B,Morn,1,,,B,Noon,1,75.79612245,B,Afternoon,1,76.66020408,B,Morn,2,,,B,Noon,2,,,B,Afternoon,2,,,B,Morn,3,,,B,Noon,3,,,B,Afternoon,3,,,B,Morn,4,,,B,Noon,4,,,B,Afternoon,4,,,C,Morn,1,,,C,Noon,1,,,C,Afternoon,1,,,C,Morn,2,,,C,Noon,2,,,C,Afternoon,2,,,C,Morn,3,,,C,Noon,3,,,C,Afternoon,3,,,C,Morn,4,,,C,Noon,4,,,C,Afternoon,4,
A,Morn,1,,,A,Noon,1,,,A,Afternoon,1,,,A,Morn,2,,,A,Noon,2,,,A,Afternoon,2,,,A,Morn,3,,,A,Noon,3,,,A,Afternoon,3,,,A,Morn,4,,,A,Noon,4,,,A,Afternoon,4,,,B,Morn,1,,,B,Noon,1,78.7268,B,Afternoon,1,74.52673469,B,Morn,2,,,B,Noon,2,,,B,Afternoon,2,,,B,Morn,3,,,B,Noon,3,,,B,Afternoon,3,,,B,Morn,4,,,B,Noon,4,,,B,Afternoon,4,,,C,Morn,1,,,C,Noon,1,,,C,Afternoon,1,,,C,Morn,2,,,C,Noon,2,,,C,Afternoon,2,,,C,Morn,3,,,C,Noon,3,,,C,Afternoon,3,,,C,Morn,4,,,C,Noon,4,,,C,Afternoon,4,
A,Morn,1,,,A,Noon,1,,,A,Afternoon,1,,,A,Morn,2,,,A,Noon,2,,,A,Afternoon,2,,,A,Morn,3,,,A,Noon,3,,,A,Afternoon,3,,,A,Morn,4,,,A,Noon,4,,,A,Afternoon,4,,,B,Morn,1,,,B,Noon,1,76.87122449,B,Afternoon,1,74.263,B,Morn,2,,,B,Noon,2,,,B,Afternoon,2,,,B,Morn,3,,,B,Noon,3,,,B,Afternoon,3,,,B,Morn,4,,,B,Noon,4,,,B,Afternoon,4,,,C,Morn,1,,,C,Noon,1,,,C,Afternoon,1,,,C,Morn,2,,,C,Noon,2,,,C,Afternoon,2,,,C,Morn,3,,,C,Noon,3,,,C,Afternoon,3,,,C,Morn,4,,,C,Noon,4,,,C,Afternoon,4,
A,Morn,1,,,A,Noon,1,,,A,Afternoon,1,,,A,Morn,2,,,A,Noon,2,,,A,Afternoon,2,,,A,Morn,3,,,A,Noon,3,,,A,Afternoon,3,,,A,Morn,4,,,A,Noon,4,,,A,Afternoon,4,,,B,Morn,1,,,B,Noon,1,77.38979592,B,Afternoon,1,69.80040816,B,Morn,2,,,B,Noon,2,,,B,Afternoon,2,,,B,Morn,3,,,B,Noon,3,,,B,Afternoon,3,,,B,Morn,4,,,B,Noon,4,,,B,Afternoon,4,,,C,Morn,1,,,C,Noon,1,,,C,Afternoon,1,,,C,Morn,2,,,C,Noon,2,,,C,Afternoon,2,,,C,Morn,3,,,C,Noon,3,,,C,Afternoon,3,,,C,Morn,4,,,C,Noon,4,,,C,Afternoon,4,
A,Morn,1,,,A,Noon,1,,,A,Afternoon,1,,,A,Morn,2,,,A,Noon,2,,,A,Afternoon,2,,,A,Morn,3,,,A,Noon,3,,,A,Afternoon,3,,,A,Morn,4,,,A,Noon,4,,,A,Afternoon,4,,,B,Morn,1,,,B,Noon,1,76.34163265,B,Afternoon,1,69.24693878,B,Morn,2,,,B,Noon,2,,,B,Afternoon,2,,,B,Morn,3,,,B,Noon,3,,,B,Afternoon,3,,,B,Morn,4,,,B,Noon,4,,,B,Afternoon,4,,,C,Morn,1,,,C,Noon,1,,,C,Afternoon,1,,,C,Morn,2,,,C,Noon,2,,,C,Afternoon,2,,,C,Morn,3,,,C,Noon,3,,,C,Afternoon,3,,,C,Morn,4,,,C,Noon,4,,,C,Afternoon,4,
A,Morn,1,,,A,Noon,1,,,A,Afternoon,1,,,A,Morn,2,,,A,Noon,2,,,A,Afternoon,2,,,A,Morn,3,,,A,Noon,3,,,A,Afternoon,3,,,A,Morn,4,,,A,Noon,4,,,A,Afternoon,4,,,B,Morn,1,,,B,Noon,1,77.0998,B,Afternoon,1,69.60367347,B,Morn,2,,,B,Noon,2,,,B,Afternoon,2,,,B,Morn,3,,,B,Noon,3,,,B,Afternoon,3,,,B,Morn,4,,,B,Noon,4,,,B,Afternoon,4,,,C,Morn,1,,,C,Noon,1,,,C,Afternoon,1,,,C,Morn,2,,,C,Noon,2,,,C,Afternoon,2,,,C,Morn,3,,,C,Noon,3,,,C,Afternoon,3,,,C,Morn,4,,,C,Noon,4,,,C,Afternoon,4,
A,Morn,1,,,A,Noon,1,,,A,Afternoon,1,,,A,Morn,2,,,A,Noon,2,,,A,Afternoon,2,,,A,Morn,3,,,A,Noon,3,,,A,Afternoon,3,,,A,Morn,4,,,A,Noon,4,,,A,Afternoon,4,,,B,Morn,1,,,B,Noon,1,75.73395833,B,Afternoon,1,72.65833333,B,Morn,2,,,B,Noon,2,,,B,Afternoon,2,,,B,Morn,3,,,B,Noon,3,,,B,Afternoon,3,,,B,Morn,4,,,B,Noon,4,,,B,Afternoon,4,,,C,Morn,1,,,C,Noon,1,,,C,Afternoon,1,,,C,Morn,2,,,C,Noon,2,,,C,Afternoon,2,,,C,Morn,3,,,C,Noon,3,,,C,Afternoon,3,,,C,Morn,4,,,C,Noon,4,,,C,Afternoon,4,
A,Morn,1,,,A,Noon,1,,,A,Afternoon,1,,,A,Morn,2,,,A,Noon,2,,,A,Afternoon,2,,,A,Morn,3,,,A,Noon,3,,,A,Afternoon,3,,,A,Morn,4,,,A,Noon,4,,,A,Afternoon,4,,,B,Morn,1,,,B,Noon,1,76.08836735,B,Afternoon,1,67.8954902,B,Morn,2,,,B,Noon,2,,,B,Afternoon,2,,,B,Morn,3,,,B,Noon,3,,,B,Afternoon,3,,,B,Morn,4,,,B,Noon,4,,,B,Afternoon,4,,,C,Morn,1,,,C,Noon,1,,,C,Afternoon,1,,,C,Morn,2,,,C,Noon,2,,,C,Afternoon,2,,,C,Morn,3,,,C,Noon,3,,,C,Afternoon,3,,,C,Morn,4,,,C,Noon,4,,,C,Afternoon,4,
A,Morn,1,,,A,Noon,1,,,A,Afternoon,1,,,A,Morn,2,,,A,Noon,2,,,A,Afternoon,2,,,A,Morn,3,,,A,Noon,3,,,A,Afternoon,3,,,A,Morn,4,,,A,Noon,4,,,A,Afternoon,4,,,B,Morn,1,,,B,Noon,1,73.2358,B,Afternoon,1,67.761,B,Morn,2,,,B,Noon,2,,,B,Afternoon,2,,,B,Morn,3,,,B,Noon,3,,,B,Afternoon,3,,,B,Morn,4,,,B,Noon,4,,,B,Afternoon,4,,,C,Morn,1,,,C,Noon,1,,,C,Afternoon,1,,,C,Morn,2,,,C,Noon,2,,,C,Afternoon,2,,,C,Morn,3,,,C,Noon,3,,,C,Afternoon,3,,,C,Morn,4,,,C,Noon,4,,,C,Afternoon,4,
A,Morn,1,,,A,Noon,1,,,A,Afternoon,1,,,A,Morn,2,,,A,Noon,2,,,A,Afternoon,2,,,A,Morn,3,,,A,Noon,3,,,A,Afternoon,3,,,A,Morn,4,,,A,Noon,4,,,A,Afternoon,4,,,B,Morn,1,,,B,Noon,1,75.58591837,B,Afternoon,1,66.44040816,B,Morn,2,,,B,Noon,2,,,B,Afternoon,2,,,B,Morn,3,,,B,Noon,3,,,B,Afternoon,3,,,B,Morn,4,,,B,Noon,4,,,B,Afternoon,4,,,C,Morn,1,,,C,Noon,1,,,C,Afternoon,1,,,C,Morn,2,,,C,Noon,2,,,C,Afternoon,2,,,C,Morn,3,,,C,Noon,3,,,C,Afternoon,3,,,C,Morn,4,,,C,Noon,4,,,C,Afternoon,4,
A,Morn,1,,,A,Noon,1,,,A,Afternoon,1,,,A,Morn,2,,,A,Noon,2,,,A,Afternoon,2,,,A,Morn,3,,,A,Noon,3,,,A,Afternoon,3,,,A,Morn,4,,,A,Noon,4,,,A,Afternoon,4,,,B,Morn,1,,,B,Noon,1,73.8948,B,Afternoon,1,68.94734694,B,Morn,2,,,B,Noon,2,,,B,Afternoon,2,,,B,Morn,3,,,B,Noon,3,,,B,Afternoon,3,,,B,Morn,4,,,B,Noon,4,,,B,Afternoon,4,,,C,Morn,1,,,C,Noon,1,,,C,Afternoon,1,,,C,Morn,2,,,C,Noon,2,,,C,Afternoon,2,,,C,Morn,3,,,C,Noon,3,,,C,Afternoon,3,,,C,Morn,4,,,C,Noon,4,,,C,Afternoon,4,
A,Morn,1,,,A,Noon,1,,,A,Afternoon,1,,,A,Morn,2,,,A,Noon,2,,,A,Afternoon,2,,,A,Morn,3,,,A,Noon,3,,,A,Afternoon,3,,,A,Morn,4,,,A,Noon,4,,,A,Afternoon,4,,,B,Morn,1,,,B,Noon,1,71.05816327,B,Afternoon,1,68.65,B,Morn,2,,,B,Noon,2,,,B,Afternoon,2,,,B,Morn,3,,,B,Noon,3,,,B,Afternoon,3,,,B,Morn,4,,,B,Noon,4,,,B,Afternoon,4,,,C,Morn,1,,,C,Noon,1,,,C,Afternoon,1,,,C,Morn,2,,,C,Noon,2,,,C,Afternoon,2,,,C,Morn,3,,,C,Noon,3,,,C,Afternoon,3,,,C,Morn,4,,,C,Noon,4,,,C,Afternoon,4,
A,Morn,1,,,A,Noon,1,,,A,Afternoon,1,,,A,Morn,2,,,A,Noon,2,,,A,Afternoon,2,,,A,Morn,3,,,A,Noon,3,,,A,Afternoon,3,,,A,Morn,4,,,A,Noon,4,,,A,Afternoon,4,,,B,Morn,1,,,B,Noon,1,74.21918367,B,Afternoon,1,66.6055102,B,Morn,2,,,B,Noon,2,,,B,Afternoon,2,,,B,Morn,3,,,B,Noon,3,,,B,Afternoon,3,,,B,Morn,4,,,B,Noon,4,,,B,Afternoon,4,,,C,Morn,1,,,C,Noon,1,,,C,Afternoon,1,,,C,Morn,2,,,C,Noon,2,,,C,Afternoon,2,,,C,Morn,3,,,C,Noon,3,,,C,Afternoon,3,,,C,Morn,4,,,C,Noon,4,,,C,Afternoon,4,
A,Morn,1,,,A,Noon,1,,,A,Afternoon,1,,,A,Morn,2,,,A,Noon,2,,,A,Afternoon,2,,,A,Morn,3,,,A,Noon,3,,,A,Afternoon,3,,,A,Morn,4,,,A,Noon,4,,,A,Afternoon,4,,,B,Morn,1,,,B,Noon,1,73.26693878,B,Afternoon,1,64.00897959,B,Morn,2,,,B,Noon,2,,,B,Afternoon,2,,,B,Morn,3,,,B,Noon,3,,,B,Afternoon,3,,,B,Morn,4,,,B,Noon,4,,,B,Afternoon,4,,,C,Morn,1,,,C,Noon,1,,,C,Afternoon,1,,,C,Morn,2,,,C,Noon,2,,,C,Afternoon,2,,,C,Morn,3,,,C,Noon,3,,,C,Afternoon,3,,,C,Morn,4,,,C,Noon,4,,,C,Afternoon,4,
A,Morn,1,,,A,Noon,1,,,A,Afternoon,1,,,A,Morn,2,,,A,Noon,2,,,A,Afternoon,2,,,A,Morn,3,,,A,Noon,3,,,A,Afternoon,3,,,A,Morn,4,,,A,Noon,4,,,A,Afternoon,4,,,B,Morn,1,,,B,Noon,1,74.871,B,Afternoon,1,65.15959184,B,Morn,2,,,B,Noon,2,,,B,Afternoon,2,,,B,Morn,3,,,B,Noon,3,,,B,Afternoon,3,,,B,Morn,4,,,B,Noon,4,,,B,Afternoon,4,,,C,Morn,1,,,C,Noon,1,,,C,Afternoon,1,,,C,Morn,2,,,C,Noon,2,,,C,Afternoon,2,,,C,Morn,3,,,C,Noon,3,,,C,Afternoon,3,,,C,Morn,4,,,C,Noon,4,,,C,Afternoon,4,
A,Morn,1,,,A,Noon,1,,,A,Afternoon,1,,,A,Morn,2,,,A,Noon,2,,,A,Afternoon,2,,,A,Morn,3,,,A,Noon,3,,,A,Afternoon,3,,,A,Morn,4,,,A,Noon,4,,,A,Afternoon,4,,,B,Morn,1,,,B,Noon,1,74.60163265,B,Afternoon,1,68.98632653,B,Morn,2,,,B,Noon,2,,,B,Afternoon,2,,,B,Morn,3,,,B,Noon,3,,,B,Afternoon,3,,,B,Morn,4,,,B,Noon,4,,,B,Afternoon,4,,,C,Morn,1,,,C,Noon,1,,,C,Afternoon,1,,,C,Morn,2,,,C,Noon,2,,,C,Afternoon,2,,,C,Morn,3,,,C,Noon,3,,,C,Afternoon,3,,,C,Morn,4,,,C,Noon,4,,,C,Afternoon,4,
A,Morn,1,,,A,Noon,1,,,A,Afternoon,1,,,A,Morn,2,,,A,Noon,2,,,A,Afternoon,2,,,A,Morn,3,,,A,Noon,3,,,A,Afternoon,3,,,A,Morn,4,,,A,Noon,4,,,A,Afternoon,4,,,B,Morn,1,,,B,Noon,1,77.5916,B,Afternoon,1,69.4352,B,Morn,2,,,B,Noon,2,,,B,Afternoon,2,,,B,Morn,3,,,B,Noon,3,,,B,Afternoon,3,,,B,Morn,4,,,B,Noon,4,,,B,Afternoon,4,,,C,Morn,1,,,C,Noon,1,,,C,Afternoon,1,,,C,Morn,2,,,C,Noon,2,,,C,Afternoon,2,,,C,Morn,3,,,C,Noon,3,,,C,Afternoon,3,,,C,Morn,4,,,C,Noon,4,,,C,Afternoon,4,
A,Morn,1,,,A,Noon,1,,,A,Afternoon,1,,,A,Morn,2,,,A,Noon,2,,,A,Afternoon,2,,,A,Morn,3,,,A,Noon,3,,,A,Afternoon,3,,,A,Morn,4,,,A,Noon,4,,,A,Afternoon,4,,,B,Morn,1,,,B,Noon,1,76.3344898,B,Afternoon,1,74.11734694,B,Morn,2,,,B,Noon,2,,,B,Afternoon,2,,,B,Morn,3,,,B,Noon,3,,,B,Afternoon,3,,,B,Morn,4,,,B,Noon,4,,,B,Afternoon,4,,,C,Morn,1,,,C,Noon,1,,,C,Afternoon,1,,,C,Morn,2,,,C,Noon,2,,,C,Afternoon,2,,,C,Morn,3,,,C,Noon,3,,,C,Afternoon,3,,,C,Morn,4,,,C,Noon,4,,,C,Afternoon,4,
A,Morn,1,,,A,Noon,1,,,A,Afternoon,1,,,A,Morn,2,,,A,Noon,2,,,A,Afternoon,2,,,A,Morn,3,,,A,Noon,3,,,A,Afternoon,3,,,A,Morn,4,,,A,Noon,4,,,A,Afternoon,4,,,B,Morn,1,,,B,Noon,1,73.7764,B,Afternoon,1,67.46102041,B,Morn,2,,,B,Noon,2,,,B,Afternoon,2,,,B,Morn,3,,,B,Noon,3,,,B,Afternoon,3,,,B,Morn,4,,,B,Noon,4,,,B,Afternoon,4,,,C,Morn,1,,,C,Noon,1,,,C,Afternoon,1,,,C,Morn,2,,,C,Noon,2,,,C,Afternoon,2,,,C,Morn,3,,,C,Noon,3,,,C,Afternoon,3,,,C,Morn,4,,,C,Noon,4,,,C,Afternoon,4,
A,Morn,1,,,A,Noon,1,,,A,Afternoon,1,,,A,Morn,2,,,A,Noon,2,,,A,Afternoon,2,,,A,Morn,3,,,A,Noon,3,,,A,Afternoon,3,,,A,Morn,4,,,A,Noon,4,,,A,Afternoon,4,,,B,Morn,1,,,B,Noon,1,75.83612245,B,Afternoon,1,67.69061224,B,Morn,2,,,B,Noon,2,,,B,Afternoon,2,,,B,Morn,3,,,B,Noon,3,,,B,Afternoon,3,,,B,Morn,4,,,B,Noon,4,,,B,Afternoon,4,,,C,Morn,1,,,C,Noon,1,,,C,Afternoon,1,,,C,Morn,2,,,C,Noon,2,,,C,Afternoon,2,,,C,Morn,3,,,C,Noon,3,,,C,Afternoon,3,,,C,Morn,4,,,C,Noon,4,,,C,Afternoon,4,
A,Morn,1,,,A,Noon,1,,,A,Afternoon,1,,,A,Morn,2,,,A,Noon,2,,,A,Afternoon,2,,,A,Morn,3,,,A,Noon,3,,,A,Afternoon,3,,,A,Morn,4,,,A,Noon,4,,,A,Afternoon,4,,,B,Morn,1,,,B,Noon,1,72.5358,B,Afternoon,1,66.52857143,B,Morn,2,,,B,Noon,2,,,B,Afternoon,2,,,B,Morn,3,,,B,Noon,3,,,B,Afternoon,3,,,B,Morn,4,,,B,Noon,4,,,B,Afternoon,4,,,C,Morn,1,,,C,Noon,1,,,C,Afternoon,1,,,C,Morn,2,,,C,Noon,2,,,C,Afternoon,2,,,C,Morn,3,,,C,Noon,3,,,C,Afternoon,3,,,C,Morn,4,,,C,Noon,4,,,C,Afternoon,4,
A,Morn,1,,,A,Noon,1,,,A,Afternoon,1,,,A,Morn,2,,,A,Noon,2,,,A,Afternoon,2,,,A,Morn,3,,,A,Noon,3,,,A,Afternoon,3,,,A,Morn,4,,,A,Noon,4,,,A,Afternoon,4,,,B,Morn,1,,,B,Noon,1,74.08469388,B,Afternoon,1,70.0184,B,Morn,2,,,B,Noon,2,,,B,Afternoon,2,,,B,Morn,3,,,B,Noon,3,,,B,Afternoon,3,,,B,Morn,4,,,B,Noon,4,,,B,Afternoon,4,,,C,Morn,1,,,C,Noon,1,,,C,Afternoon,1,,,C,Morn,2,,,C,Noon,2,,,C,Afternoon,2,,,C,Morn,3,,,C,Noon,3,,,C,Afternoon,3,,,C,Morn,4,,,C,Noon,4,,,C,Afternoon,4,
A,Morn,1,,,A,Noon,1,,,A,Afternoon,1,,,A,Morn,2,,,A,Noon,2,,,A,Afternoon,2,,,A,Morn,3,,,A,Noon,3,,,A,Afternoon,3,,,A,Morn,4,,,A,Noon,4,,,A,Afternoon,4,,,B,Morn,1,,,B,Noon,1,77.96959184,B,Afternoon,1,71.20734694,B,Morn,2,,,B,Noon,2,,,B,Afternoon,2,,,B,Morn,3,,,B,Noon,3,,,B,Afternoon,3,,,B,Morn,4,,,B,Noon,4,,,B,Afternoon,4,,,C,Morn,1,,,C,Noon,1,,,C,Afternoon,1,,,C,Morn,2,,,C,Noon,2,,,C,Afternoon,2,,,C,Morn,3,,,C,Noon,3,,,C,Afternoon,3,,,C,Morn,4,,,C,Noon,4,,,C,Afternoon,4,
A,Morn,1,,,A,Noon,1,,,A,Afternoon,1,,,A,Morn,2,,,A,Noon,2,,,A,Afternoon,2,,,A,Morn,3,,,A,Noon,3,,,A,Afternoon,3,,,A,Morn,4,,,A,Noon,4,,,A,Afternoon,4,,,B,Morn,1,,,B,Noon,1,76.35346939,B,Afternoon,1,74.62326531,B,Morn,2,,,B,Noon,2,,,B,Afternoon,2,,,B,Morn,3,,,B,Noon,3,,,B,Afternoon,3,,,B,Morn,4,,,B,Noon,4,,,B,Afternoon,4,,,C,Morn,1,,,C,Noon,1,,,C,Afternoon,1,,,C,Morn,2,,,C,Noon,2,,,C,Afternoon,2,,,C,Morn,3,,,C,Noon,3,,,C,Afternoon,3,,,C,Morn,4,,,C,Noon,4,,,C,Afternoon,4,
A,Morn,1,,,A,Noon,1,,,A,Afternoon,1,,,A,Morn,2,,,A,Noon,2,,,A,Afternoon,2,,,A,Morn,3,,,A,Noon,3,,,A,Afternoon,3,,,A,Morn,4,,,A,Noon,4,,,A,Afternoon,4,,,B,Morn,1,,,B,Noon,1,76.4404,B,Afternoon,1,73.27204082,B,Morn,2,,,B,Noon,2,,,B,Afternoon,2,,,B,Morn,3,,,B,Noon,3,,,B,Afternoon,3,,,B,Morn,4,,,B,Noon,4,,,B,Afternoon,4,,,C,Morn,1,,,C,Noon,1,,,C,Afternoon,1,,,C,Morn,2,,,C,Noon,2,,,C,Afternoon,2,,,C,Morn,3,,,C,Noon,3,,,C,Afternoon,3,,,C,Morn,4,,,C,Noon,4,,,C,Afternoon,4,
A,Morn,1,,,A,Noon,1,,,A,Afternoon,1,,,A,Morn,2,,,A,Noon,2,,,A,Afternoon,2,,,A,Morn,3,,,A,Noon,3,,,A,Afternoon,3,,,A,Morn,4,,,A,Noon,4,,,A,Afternoon,4,,,B,Morn,1,,,B,Noon,1,75.30183673,B,Afternoon,1,73.22693878,B,Morn,2,,,B,Noon,2,,,B,Afternoon,2,,,B,Morn,3,,,B,Noon,3,,,B,Afternoon,3,,,B,Morn,4,,,B,Noon,4,,,B,Afternoon,4,,,C,Morn,1,,,C,Noon,1,,,C,Afternoon,1,,,C,Morn,2,,,C,Noon,2,,,C,Afternoon,2,,,C,Morn,3,,,C,Noon,3,,,C,Afternoon,3,,,C,Morn,4,,,C,Noon,4,,,C,Afternoon,4,
A,Morn,1,,,A,Noon,1,,,A,Afternoon,1,,,A,Morn,2,,,A,Noon,2,,,A,Afternoon,2,,,A,Morn,3,,,A,Noon,3,,,A,Afternoon,3,,,A,Morn,4,,,A,Noon,4,,,A,Afternoon,4,,,B,Morn,1,,,B,Noon,1,76.9198,B,Afternoon,1,71.35,B,Morn,2,,,B,Noon,2,,,B,Afternoon,2,,,B,Morn,3,,,B,Noon,3,,,B,Afternoon,3,,,B,Morn,4,,,B,Noon,4,,,B,Afternoon,4,,,C,Morn,1,,,C,Noon,1,,,C,Afternoon,1,,,C,Morn,2,,,C,Noon,2,,,C,Afternoon,2,,,C,Morn,3,,,C,Noon,3,,,C,Afternoon,3,,,C,Morn,4,,,C,Noon,4,,,C,Afternoon,4,
A,Morn,1,,,A,Noon,1,,,A,Afternoon,1,,,A,Morn,2,,,A,Noon,2,,,A,Afternoon,2,,,A,Morn,3,,,A,Noon,3,,,A,Afternoon,3,,,A,Morn,4,,,A,Noon,4,,,A,Afternoon,4,,,B,Morn,1,,,B,Noon,1,78.44673469,B,Afternoon,1,71.9802,B,Morn,2,,,B,Noon,2,,,B,Afternoon,2,,,B,Morn,3,,,B,Noon,3,,,B,Afternoon,3,,,B,Morn,4,,,B,Noon,4,,,B,Afternoon,4,,,C,Morn,1,,,C,Noon,1,,,C,Afternoon,1,,,C,Morn,2,,,C,Noon,2,,,C,Afternoon,2,,,C,Morn,3,,,C,Noon,3,,,C,Afternoon,3,,,C,Morn,4,,,C,Noon,4,,,C,Afternoon,4,
A,Morn,1,,,A,Noon,1,,,A,Afternoon,1,,,A,Morn,2,,,A,Noon,2,,,A,Afternoon,2,,,A,Morn,3,,,A,Noon,3,,,A,Afternoon,3,,,A,Morn,4,,,A,Noon,4,,,A,Afternoon,4,,,B,Morn,1,,,B,Noon,1,76.4377551,B,Afternoon,1,74.87938776,B,Morn,2,,,B,Noon,2,,,B,Afternoon,2,,,B,Morn,3,,,B,Noon,3,,,B,Afternoon,3,,,B,Morn,4,,,B,Noon,4,,,B,Afternoon,4,,,C,Morn,1,,,C,Noon,1,,,C,Afternoon,1,,,C,Morn,2,,,C,Noon,2,,,C,Afternoon,2,,,C,Morn,3,,,C,Noon,3,,,C,Afternoon,3,,,C,Morn,4,,,C,Noon,4,,,C,Afternoon,4,
A,Morn,1,,,A,Noon,1,,,A,Afternoon,1,,,A,Morn,2,,,A,Noon,2,,,A,Afternoon,2,,,A,Morn,3,,,A,Noon,3,,,A,Afternoon,3,,,A,Morn,4,,,A,Noon,4,,,A,Afternoon,4,,,B,Morn,1,,,B,Noon,1,76.01632653,B,Afternoon,1,75.10918367,B,Morn,2,,,B,Noon,2,,,B,Afternoon,2,,,B,Morn,3,,,B,Noon,3,,,B,Afternoon,3,,,B,Morn,4,,,B,Noon,4,,,B,Afternoon,4,,,C,Morn,1,,,C,Noon,1,,,C,Afternoon,1,,,C,Morn,2,,,C,Noon,2,,,C,Afternoon,2,,,C,Morn,3,,,C,Noon,3,,,C,Afternoon,3,,,C,Morn,4,,,C,Noon,4,,,C,Afternoon,4,
A,Morn,1,,,A,Noon,1,,,A,Afternoon,1,,,A,Morn,2,,,A,Noon,2,,,A,Afternoon,2,,,A,Morn,3,,,A,Noon,3,,,A,Afternoon,3,,,A,Morn,4,,,A,Noon,4,,,A,Afternoon,4,,,B,Morn,1,,,B,Noon,1,72.1728,B,Afternoon,1,75.82693878,B,Morn,2,,,B,Noon,2,,,B,Afternoon,2,,,B,Morn,3,,,B,Noon,3,,,B,Afternoon,3,,,B,Morn,4,,,B,Noon,4,,,B,Afternoon,4,,,C,Morn,1,,,C,Noon,1,,,C,Afternoon,1,,,C,Morn,2,,,C,Noon,2,,,C,Afternoon,2,,,C,Morn,3,,,C,Noon,3,,,C,Afternoon,3,,,C,Morn,4,,,C,Noon,4,,,C,Afternoon,4,
A,Morn,1,,,A,Noon,1,,,A,Afternoon,1,,,A,Morn,2,,,A,Noon,2,,,A,Afternoon,2,,,A,Morn,3,,,A,Noon,3,,,A,Afternoon,3,,,A,Morn,4,,,A,Noon,4,,,A,Afternoon,4,,,B,Morn,1,,,B,Noon,1,72.28265306,B,Afternoon,1,73.99102041,B,Morn,2,,,B,Noon,2,,,B,Afternoon,2,,,B,Morn,3,,,B,Noon,3,,,B,Afternoon,3,,,B,Morn,4,,,B,Noon,4,,,B,Afternoon,4,,,C,Morn,1,,,C,Noon,1,,,C,Afternoon,1,,,C,Morn,2,,,C,Noon,2,,,C,Afternoon,2,,,C,Morn,3,,,C,Noon,3,,,C,Afternoon,3,,,C,Morn,4,,,C,Noon,4,,,C,Afternoon,4,
A,Morn,1,,,A,Noon,1,,,A,Afternoon,1,,,A,Morn,2,,,A,Noon,2,,,A,Afternoon,2,,,A,Morn,3,,,A,Noon,3,,,A,Afternoon,3,,,A,Morn,4,,,A,Noon,4,,,A,Afternoon,4,,,B,Morn,1,,,B,Noon,1,70.70857143,B,Afternoon,1,77.369,B,Morn,2,,,B,Noon,2,,,B,Afternoon,2,,,B,Morn,3,,,B,Noon,3,,,B,Afternoon,3,,,B,Morn,4,,,B,Noon,4,,,B,Afternoon,4,,,C,Morn,1,,,C,Noon,1,,,C,Afternoon,1,,,C,Morn,2,,,C,Noon,2,,,C,Afternoon,2,,,C,Morn,3,,,C,Noon,3,,,C,Afternoon,3,,,C,Morn,4,,,C,Noon,4,,,C,Afternoon,4,
A,Morn,1,,,A,Noon,1,,,A,Afternoon,1,,,A,Morn,2,,,A,Noon,2,,,A,Afternoon,2,,,A,Morn,3,,,A,Noon,3,,,A,Afternoon,3,,,A,Morn,4,,,A,Noon,4,,,A,Afternoon,4,,,B,Morn,1,,,B,Noon,1,72.5206,B,Afternoon,1,74.35938776,B,Morn,2,,,B,Noon,2,,,B,Afternoon,2,,,B,Morn,3,,,B,Noon,3,,,B,Afternoon,3,,,B,Morn,4,,,B,Noon,4,,,B,Afternoon,4,,,C,Morn,1,,,C,Noon,1,,,C,Afternoon,1,,,C,Morn,2,,,C,Noon,2,,,C,Afternoon,2,,,C,Morn,3,,,C,Noon,3,,,C,Afternoon,3,,,C,Morn,4,,,C,Noon,4,,,C,Afternoon,4,
A,Morn,1,,,A,Noon,1,,,A,Afternoon,1,,,A,Morn,2,,,A,Noon,2,,,A,Afternoon,2,,,A,Morn,3,,,A,Noon,3,,,A,Afternoon,3,,,A,Morn,4,,,A,Noon,4,,,A,Afternoon,4,,,B,Morn,1,,,B,Noon,1,71.81632653,B,Afternoon,1,73.57346939,B,Morn,2,,,B,Noon,2,,,B,Afternoon,2,,,B,Morn,3,,,B,Noon,3,,,B,Afternoon,3,,,B,Morn,4,,,B,Noon,4,,,B,Afternoon,4,,,C,Morn,1,,,C,Noon,1,,,C,Afternoon,1,,,C,Morn,2,,,C,Noon,2,,,C,Afternoon,2,,,C,Morn,3,,,C,Noon,3,,,C,Afternoon,3,,,C,Morn,4,,,C,Noon,4,,,C,Afternoon,4,
A,Morn,1,,,A,Noon,1,,,A,Afternoon,1,,,A,Morn,2,,,A,Noon,2,,,A,Afternoon,2,,,A,Morn,3,,,A,Noon,3,,,A,Afternoon,3,,,A,Morn,4,,,A,Noon,4,,,A,Afternoon,4,,,B,Morn,1,,,B,Noon,1,75.12061224,B,Afternoon,1,68.26408163,B,Morn,2,,,B,Noon,2,,,B,Afternoon,2,,,B,Morn,3,,,B,Noon,3,,,B,Afternoon,3,,,B,Morn,4,,,B,Noon,4,,,B,Afternoon,4,,,C,Morn,1,,,C,Noon,1,,,C,Afternoon,1,,,C,Morn,2,,,C,Noon,2,,,C,Afternoon,2,,,C,Morn,3,,,C,Noon,3,,,C,Afternoon,3,,,C,Morn,4,,,C,Noon,4,,,C,Afternoon,4,
A,Morn,1,,,A,Noon,1,,,A,Afternoon,1,,,A,Morn,2,,,A,Noon,2,,,A,Afternoon,2,,,A,Morn,3,,,A,Noon,3,,,A,Afternoon,3,,,A,Morn,4,,,A,Noon,4,,,A,Afternoon,4,,,B,Morn,1,,,B,Noon,1,76.8,B,Afternoon,1,71.8356,B,Morn,2,,,B,Noon,2,,,B,Afternoon,2,,,B,Morn,3,,,B,Noon,3,,,B,Afternoon,3,,,B,Morn,4,,,B,Noon,4,,,B,Afternoon,4,,,C,Morn,1,,,C,Noon,1,,,C,Afternoon,1,,,C,Morn,2,,,C,Noon,2,,,C,Afternoon,2,,,C,Morn,3,,,C,Noon,3,,,C,Afternoon,3,,,C,Morn,4,,,C,Noon,4,,,C,Afternoon,4,
A,Morn,1,,,A,Noon,1,,,A,Afternoon,1,,,A,Morn,2,,,A,Noon,2,,,A,Afternoon,2,,,A,Morn,3,,,A,Noon,3,,,A,Afternoon,3,,,A,Morn,4,,,A,Noon,4,,,A,Afternoon,4,,,B,Morn,1,,,B,Noon,1,75.77571429,B,Afternoon,1,70.75102041,B,Morn,2,,,B,Noon,2,,,B,Afternoon,2,,,B,Morn,3,,,B,Noon,3,,,B,Afternoon,3,,,B,Morn,4,,,B,Noon,4,,,B,Afternoon,4,,,C,Morn,1,,,C,Noon,1,,,C,Afternoon,1,,,C,Morn,2,,,C,Noon,2,,,C,Afternoon,2,,,C,Morn,3,,,C,Noon,3,,,C,Afternoon,3,,,C,Morn,4,,,C,Noon,4,,,C,Afternoon,4,
A,Morn,1,,,A,Noon,1,,,A,Afternoon,1,,,A,Morn,2,,,A,Noon,2,,,A,Afternoon,2,,,A,Morn,3,,,A,Noon,3,,,A,Afternoon,3,,,A,Morn,4,,,A,Noon,4,,,A,Afternoon,4,,,B,Morn,1,,,B,Noon,1,75.5508,B,Afternoon,1,70.2655102,B,Morn,2,,,B,Noon,2,,,B,Afternoon,2,,,B,Morn,3,,,B,Noon,3,,,B,Afternoon,3,,,B,Morn,4,,,B,Noon,4,,,B,Afternoon,4,,,C,Morn,1,,,C,Noon,1,,,C,Afternoon,1,,,C,Morn,2,,,C,Noon,2,,,C,Afternoon,2,,,C,Morn,3,,,C,Noon,3,,,C,Afternoon,3,,,C,Morn,4,,,C,Noon,4,,,C,Afternoon,4,
A,Morn,1,,,A,Noon,1,,,A,Afternoon,1,,,A,Morn,2,,,A,Noon,2,,,A,Afternoon,2,,,A,Morn,3,,,A,Noon,3,,,A,Afternoon,3,,,A,Morn,4,,,A,Noon,4,,,A,Afternoon,4,,,B,Morn,1,,,B,Noon,1,75.90041667,B,Afternoon,1,70.04489796,B,Morn,2,,,B,Noon,2,,,B,Afternoon,2,,,B,Morn,3,,,B,Noon,3,,,B,Afternoon,3,,,B,Morn,4,,,B,Noon,4,,,B,Afternoon,4,,,C,Morn,1,,,C,Noon,1,,,C,Afternoon,1,,,C,Morn,2,,,C,Noon,2,,,C,Afternoon,2,,,C,Morn,3,,,C,Noon,3,,,C,Afternoon,3,,,C,Morn,4,,,C,Noon,4,,,C,Afternoon,4,
A,Morn,1,,,A,Noon,1,,,A,Afternoon,1,,,A,Morn,2,,,A,Noon,2,,,A,Afternoon,2,,,A,Morn,3,,,A,Noon,3,,,A,Afternoon,3,,,A,Morn,4,,,A,Noon,4,,,A,Afternoon,4,,,B,Morn,1,,,B,Noon,1,74.73480769,B,Afternoon,1,70.943,B,Morn,2,,,B,Noon,2,,,B,Afternoon,2,,,B,Morn,3,,,B,Noon,3,,,B,Afternoon,3,,,B,Morn,4,,,B,Noon,4,,,B,Afternoon,4,,,C,Morn,1,,,C,Noon,1,,,C,Afternoon,1,,,C,Morn,2,,,C,Noon,2,,,C,Afternoon,2,,,C,Morn,3,,,C,Noon,3,,,C,Afternoon,3,,,C,Morn,4,,,C,Noon,4,,,C,Afternoon,4,
A,Morn,1,,,A,Noon,1,,,A,Afternoon,1,,,A,Morn,2,,,A,Noon,2,,,A,Afternoon,2,,,A,Morn,3,,,A,Noon,3,,,A,Afternoon,3,,,A,Morn,4,,,A,Noon,4,,,A,Afternoon,4,,,B,Morn,1,,,B,Noon,1,76.35211538,B,Afternoon,1,72.87040816,B,Morn,2,,,B,Noon,2,,,B,Afternoon,2,,,B,Morn,3,,,B,Noon,3,,,B,Afternoon,3,,,B,Morn,4,,,B,Noon,4,,,B,Afternoon,4,,,C,Morn,1,,,C,Noon,1,,,C,Afternoon,1,,,C,Morn,2,,,C,Noon,2,,,C,Afternoon,2,,,C,Morn,3,,,C,Noon,3,,,C,Afternoon,3,,,C,Morn,4,,,C,Noon,4,,,C,Afternoon,4,
A,Morn,1,,,A,Noon,1,,,A,Afternoon,1,,,A,Morn,2,,,A,Noon,2,,,A,Afternoon,2,,,A,Morn,3,,,A,Noon,3,,,A,Afternoon,3,,,A,Morn,4,,,A,Noon,4,,,A,Afternoon,4,,,B,Morn,1,,,B,Noon,1,77.27692308,B,Afternoon,1,71.52979592,B,Morn,2,,,B,Noon,2,,,B,Afternoon,2,,,B,Morn,3,,,B,Noon,3,,,B,Afternoon,3,,,B,Morn,4,,,B,Noon,4,,,B,Afternoon,4,,,C,Morn,1,,,C,Noon,1,,,C,Afternoon,1,,,C,Morn,2,,,C,Noon,2,,,C,Afternoon,2,,,C,Morn,3,,,C,Noon,3,,,C,Afternoon,3,,,C,Morn,4,,,C,Noon,4,,,C,Afternoon,4,
A,Morn,1,,,A,Noon,1,,,A,Afternoon,1,,,A,Morn,2,,,A,Noon,2,,,A,Afternoon,2,,,A,Morn,3,,,A,Noon,3,,,A,Afternoon,3,,,A,Morn,4,,,A,Noon,4,,,A,Afternoon,4,,,B,Morn,1,,,B,Noon,1,76.87530612,B,Afternoon,1,73.78040816,B,Morn,2,,,B,Noon,2,,,B,Afternoon,2,,,B,Morn,3,,,B,Noon,3,,,B,Afternoon,3,,,B,Morn,4,,,B,Noon,4,,,B,Afternoon,4,,,C,Morn,1,,,C,Noon,1,,,C,Afternoon,1,,,C,Morn,2,,,C,Noon,2,,,C,Afternoon,2,,,C,Morn,3,,,C,Noon,3,,,C,Afternoon,3,,,C,Morn,4,,,C,Noon,4,,,C,Afternoon,4,
A,Morn,1,,,A,Noon,1,,,A,Afternoon,1,,,A,Morn,2,,,A,Noon,2,,,A,Afternoon,2,,,A,Morn,3,,,A,Noon,3,,,A,Afternoon,3,,,A,Morn,4,,,A,Noon,4,,,A,Afternoon,4,,,B,Morn,1,,,B,Noon,1,74.4432,B,Afternoon,1,73.6104,B,Morn,2,,,B,Noon,2,,,B,Afternoon,2,,,B,Morn,3,,,B,Noon,3,,,B,Afternoon,3,,,B,Morn,4,,,B,Noon,4,,,B,Afternoon,4,,,C,Morn,1,,,C,Noon,1,,,C,Afternoon,1,,,C,Morn,2,,,C,Noon,2,,,C,Afternoon,2,,,C,Morn,3,,,C,Noon,3,,,C,Afternoon,3,,,C,Morn,4,,,C,Noon,4,,,C,Afternoon,4,
A,Morn,1,,,A,Noon,1,,,A,Afternoon,1,,,A,Morn,2,,,A,Noon,2,,,A,Afternoon,2,,,A,Morn,3,,,A,Noon,3,,,A,Afternoon,3,,,A,Morn,4,,,A,Noon,4,,,A,Afternoon,4,,,B,Morn,1,,,B,Noon,1,74.69387755,B,Afternoon,1,72.32122449,B,Morn,2,,,B,Noon,2,,,B,Afternoon,2,,,B,Morn,3,,,B,Noon,3,,,B,Afternoon,3,,,B,Morn,4,,,B,Noon,4,,,B,Afternoon,4,,,C,Morn,1,,,C,Noon,1,,,C,Afternoon,1,,,C,Morn,2,,,C,Noon,2,,,C,Afternoon,2,,,C,Morn,3,,,C,Noon,3,,,C,Afternoon,3,,,C,Morn,4,,,C,Noon,4,,,C,Afternoon,4,
A,Morn,1,,,A,Noon,1,,,A,Afternoon,1,,,A,Morn,2,,,A,Noon,2,,,A,Afternoon,2,,,A,Morn,3,,,A,Noon,3,,,A,Afternoon,3,,,A,Morn,4,,,A,Noon,4,,,A,Afternoon,4,,,B,Morn,1,,,B,Noon,1,72.95510204,B,Afternoon,1,75.54877551,B,Morn,2,,,B,Noon,2,,,B,Afternoon,2,,,B,Morn,3,,,B,Noon,3,,,B,Afternoon,3,,,B,Morn,4,,,B,Noon,4,,,B,Afternoon,4,,,C,Morn,1,,,C,Noon,1,,,C,Afternoon,1,,,C,Morn,2,,,C,Noon,2,,,C,Afternoon,2,,,C,Morn,3,,,C,Noon,3,,,C,Afternoon,3,,,C,Morn,4,,,C,Noon,4,,,C,Afternoon,4,
A,Morn,1,,,A,Noon,1,,,A,Afternoon,1,,,A,Morn,2,,,A,Noon,2,,,A,Afternoon,2,,,A,Morn,3,,,A,Noon,3,,,A,Afternoon,3,,,A,Morn,4,,,A,Noon,4,,,A,Afternoon,4,,,B,Morn,1,,,B,Noon,1,75.60857143,B,Afternoon,1,74.67102041,B,Morn,2,,,B,Noon,2,,,B,Afternoon,2,,,B,Morn,3,,,B,Noon,3,,,B,Afternoon,3,,,B,Morn,4,,,B,Noon,4,,,B,Afternoon,4,,,C,Morn,1,,,C,Noon,1,,,C,Afternoon,1,,,C,Morn,2,,,C,Noon,2,,,C,Afternoon,2,,,C,Morn,3,,,C,Noon,3,,,C,Afternoon,3,,,C,Morn,4,,,C,Noon,4,,,C,Afternoon,4,
A,Morn,1,,,A,Noon,1,,,A,Afternoon,1,,,A,Morn,2,,,A,Noon,2,,,A,Afternoon,2,,,A,Morn,3,,,A,Noon,3,,,A,Afternoon,3,,,A,Morn,4,,,A,Noon,4,,,A,Afternoon,4,,,B,Morn,1,,,B,Noon,1,77.4808,B,Afternoon,1,73.05081633,B,Morn,2,,,B,Noon,2,,,B,Afternoon,2,,,B,Morn,3,,,B,Noon,3,,,B,Afternoon,3,,,B,Morn,4,,,B,Noon,4,,,B,Afternoon,4,,,C,Morn,1,,,C,Noon,1,,,C,Afternoon,1,,,C,Morn,2,,,C,Noon,2,,,C,Afternoon,2,,,C,Morn,3,,,C,Noon,3,,,C,Afternoon,3,,,C,Morn,4,,,C,Noon,4,,,C,Afternoon,4,
A,Morn,1,,,A,Noon,1,,,A,Afternoon,1,,,A,Morn,2,,,A,Noon,2,,,A,Afternoon,2,,,A,Morn,3,,,A,Noon,3,,,A,Afternoon,3,,,A,Morn,4,,,A,Noon,4,,,A,Afternoon,4,,,B,Morn,1,,,B,Noon,1,74.7977551,B,Afternoon,1,70.83285714,B,Morn,2,,,B,Noon,2,,,B,Afternoon,2,,,B,Morn,3,,,B,Noon,3,,,B,Afternoon,3,,,B,Morn,4,,,B,Noon,4,,,B,Afternoon,4,,,C,Morn,1,,,C,Noon,1,,,C,Afternoon,1,,,C,Morn,2,,,C,Noon,2,,,C,Afternoon,2,,,C,Morn,3,,,C,Noon,3,,,C,Afternoon,3,,,C,Morn,4,,,C,Noon,4,,,C,Afternoon,4,
A,Morn,1,,,A,Noon,1,,,A,Afternoon,1,,,A,Morn,2,,,A,Noon,2,,,A,Afternoon,2,,,A,Morn,3,,,A,Noon,3,,,A,Afternoon,3,,,A,Morn,4,,,A,Noon,4,,,A,Afternoon,4,,,B,Morn,1,,,B,Noon,1,76.0658,B,Afternoon,1,72.518,B,Morn,2,,,B,Noon,2,,,B,Afternoon,2,,,B,Morn,3,,,B,Noon,3,,,B,Afternoon,3,,,B,Morn,4,,,B,Noon,4,,,B,Afternoon,4,,,C,Morn,1,,,C,Noon,1,,,C,Afternoon,1,,,C,Morn,2,,,C,Noon,2,,,C,Afternoon,2,,,C,Morn,3,,,C,Noon,3,,,C,Afternoon,3,,,C,Morn,4,,,C,Noon,4,,,C,Afternoon,4,
A,Morn,1,,,A,Noon,1,,,A,Afternoon,1,,,A,Morn,2,,,A,Noon,2,,,A,Afternoon,2,,,A,Morn,3,,,A,Noon,3,,,A,Afternoon,3,,,A,Morn,4,,,A,Noon,4,,,A,Afternoon,4,,,B,Morn,1,,,B,Noon,1,77.2374,B,Afternoon,1,73.98938776,B,Morn,2,,,B,Noon,2,,,B,Afternoon,2,,,B,Morn,3,,,B,Noon,3,,,B,Afternoon,3,,,B,Morn,4,,,B,Noon,4,,,B,Afternoon,4,,,C,Morn,1,,,C,Noon,1,,,C,Afternoon,1,,,C,Morn,2,,,C,Noon,2,,,C,Afternoon,2,,,C,Morn,3,,,C,Noon,3,,,C,Afternoon,3,,,C,Morn,4,,,C,Noon,4,,,C,Afternoon,4,
A,Morn,1,,,A,Noon,1,,,A,Afternoon,1,,,A,Morn,2,,,A,Noon,2,,,A,Afternoon,2,,,A,Morn,3,,,A,Noon,3,,,A,Afternoon,3,,,A,Morn,4,,,A,Noon,4,,,A,Afternoon,4,,,B,Morn,1,,,B,Noon,1,76.34204082,B,Afternoon,1,73.17469388,B,Morn,2,,,B,Noon,2,,,B,Afternoon,2,,,B,Morn,3,,,B,Noon,3,,,B,Afternoon,3,,,B,Morn,4,,,B,Noon,4,,,B,Afternoon,4,,,C,Morn,1,,,C,Noon,1,,,C,Afternoon,1,,,C,Morn,2,,,C,Noon,2,,,C,Afternoon,2,,,C,Morn,3,,,C,Noon,3,,,C,Afternoon,3,,,C,Morn,4,,,C,Noon,4,,,C,Afternoon,4,
A,Morn,1,,,A,Noon,1,,,A,Afternoon,1,,,A,Morn,2,,,A,Noon,2,,,A,Afternoon,2,,,A,Morn,3,,,A,Noon,3,,,A,Afternoon,3,,,A,Morn,4,,,A,Noon,4,,,A,Afternoon,4,,,B,Morn,1,,,B,Noon,1,75.4652,B,Afternoon,1,67.02816327,B,Morn,2,,,B,Noon,2,,,B,Afternoon,2,,,B,Morn,3,,,B,Noon,3,,,B,Afternoon,3,,,B,Morn,4,,,B,Noon,4,,,B,Afternoon,4,,,C,Morn,1,,,C,Noon,1,,,C,Afternoon,1,,,C,Morn,2,,,C,Noon,2,,,C,Afternoon,2,,,C,Morn,3,,,C,Noon,3,,,C,Afternoon,3,,,C,Morn,4,,,C,Noon,4,,,C,Afternoon,4,
A,Morn,1,,,A,Noon,1,,,A,Afternoon,1,,,A,Morn,2,,,A,Noon,2,,,A,Afternoon,2,,,A,Morn,3,,,A,Noon,3,,,A,Afternoon,3,,,A,Morn,4,,,A,Noon,4,,,A,Afternoon,4,,,B,Morn,1,,,B,Noon,1,78.55673469,B,Afternoon,1,65.67142857,B,Morn,2,,,B,Noon,2,,,B,Afternoon,2,,,B,Morn,3,,,B,Noon,3,,,B,Afternoon,3,,,B,Morn,4,,,B,Noon,4,,,B,Afternoon,4,,,C,Morn,1,,,C,Noon,1,,,C,Afternoon,1,,,C,Morn,2,,,C,Noon,2,,,C,Afternoon,2,,,C,Morn,3,,,C,Noon,3,,,C,Afternoon,3,,,C,Morn,4,,,C,Noon,4,,,C,Afternoon,4,
A,Morn,1,,,A,Noon,1,,,A,Afternoon,1,,,A,Morn,2,,,A,Noon,2,,,A,Afternoon,2,,,A,Morn,3,,,A,Noon,3,,,A,Afternoon,3,,,A,Morn,4,,,A,Noon,4,,,A,Afternoon,4,,,B,Morn,1,,,B,Noon,1,74.0386,B,Afternoon,1,67.52,B,Morn,2,,,B,Noon,2,,,B,Afternoon,2,,,B,Morn,3,,,B,Noon,3,,,B,Afternoon,3,,,B,Morn,4,,,B,Noon,4,,,B,Afternoon,4,,,C,Morn,1,,,C,Noon,1,,,C,Afternoon,1,,,C,Morn,2,,,C,Noon,2,,,C,Afternoon,2,,,C,Morn,3,,,C,Noon,3,,,C,Afternoon,3,,,C,Morn,4,,,C,Noon,4,,,C,Afternoon,4,
A,Morn,1,,,A,Noon,1,,,A,Afternoon,1,,,A,Morn,2,,,A,Noon,2,,,A,Afternoon,2,,,A,Morn,3,,,A,Noon,3,,,A,Afternoon,3,,,A,Morn,4,,,A,Noon,4,,,A,Afternoon,4,,,B,Morn,1,,,B,Noon,1,73.27081633,B,Afternoon,1,65.68102041,B,Morn,2,,,B,Noon,2,,,B,Afternoon,2,,,B,Morn,3,,,B,Noon,3,,,B,Afternoon,3,,,B,Morn,4,,,B,Noon,4,,,B,Afternoon,4,,,C,Morn,1,,,C,Noon,1,,,C,Afternoon,1,,,C,Morn,2,,,C,Noon,2,,,C,Afternoon,2,,,C,Morn,3,,,C,Noon,3,,,C,Afternoon,3,,,C,Morn,4,,,C,Noon,4,,,C,Afternoon,4,
A,Morn,1,,,A,Noon,1,,,A,Afternoon,1,,,A,Morn,2,,,A,Noon,2,,,A,Afternoon,2,,,A,Morn,3,,,A,Noon,3,,,A,Afternoon,3,,,A,Morn,4,,,A,Noon,4,,,A,Afternoon,4,,,B,Morn,1,,,B,Noon,1,74.5114,B,Afternoon,1,65.47204082,B,Morn,2,,,B,Noon,2,,,B,Afternoon,2,,,B,Morn,3,,,B,Noon,3,,,B,Afternoon,3,,,B,Morn,4,,,B,Noon,4,,,B,Afternoon,4,,,C,Morn,1,,,C,Noon,1,,,C,Afternoon,1,,,C,Morn,2,,,C,Noon,2,,,C,Afternoon,2,,,C,Morn,3,,,C,Noon,3,,,C,Afternoon,3,,,C,Morn,4,,,C,Noon,4,,,C,Afternoon,4,
A,Morn,1,,,A,Noon,1,,,A,Afternoon,1,,,A,Morn,2,,,A,Noon,2,,,A,Afternoon,2,,,A,Morn,3,,,A,Noon,3,,,A,Afternoon,3,,,A,Morn,4,,,A,Noon,4,,,A,Afternoon,4,,,B,Morn,1,,,B,Noon,1,77.0114,B,Afternoon,1,67.0208,B,Morn,2,,,B,Noon,2,,,B,Afternoon,2,,,B,Morn,3,,,B,Noon,3,,,B,Afternoon,3,,,B,Morn,4,,,B,Noon,4,,,B,Afternoon,4,,,C,Morn,1,,,C,Noon,1,,,C,Afternoon,1,,,C,Morn,2,,,C,Noon,2,,,C,Afternoon,2,,,C,Morn,3,,,C,Noon,3,,,C,Afternoon,3,,,C,Morn,4,,,C,Noon,4,,,C,Afternoon,4,
A,Morn,1,,,A,Noon,1,,,A,Afternoon,1,,,A,Morn,2,,,A,Noon,2,,,A,Afternoon,2,,,A,Morn,3,,,A,Noon,3,,,A,Afternoon,3,,,A,Morn,4,,,A,Noon,4,,,A,Afternoon,4,,,B,Morn,1,,,B,Noon,1,75.07857143,B,Afternoon,1,64.5055102,B,Morn,2,,,B,Noon,2,,,B,Afternoon,2,,,B,Morn,3,,,B,Noon,3,,,B,Afternoon,3,,,B,Morn,4,,,B,Noon,4,,,B,Afternoon,4,,,C,Morn,1,,,C,Noon,1,,,C,Afternoon,1,,,C,Morn,2,,,C,Noon,2,,,C,Afternoon,2,,,C,Morn,3,,,C,Noon,3,,,C,Afternoon,3,,,C,Morn,4,,,C,Noon,4,,,C,Afternoon,4,
A,Morn,1,,,A,Noon,1,,,A,Afternoon,1,,,A,Morn,2,,,A,Noon,2,,,A,Afternoon,2,,,A,Morn,3,,,A,Noon,3,,,A,Afternoon,3,,,A,Morn,4,,,A,Noon,4,,,A,Afternoon,4,,,B,Morn,1,,,B,Noon,1,77.0986,B,Afternoon,1,67.74392157,B,Morn,2,,,B,Noon,2,,,B,Afternoon,2,,,B,Morn,3,,,B,Noon,3,,,B,Afternoon,3,,,B,Morn,4,,,B,Noon,4,,,B,Afternoon,4,,,C,Morn,1,,,C,Noon,1,,,C,Afternoon,1,,,C,Morn,2,,,C,Noon,2,,,C,Afternoon,2,,,C,Morn,3,,,C,Noon,3,,,C,Afternoon,3,,,C,Morn,4,,,C,Noon,4,,,C,Afternoon,4,
A,Morn,1,,,A,Noon,1,,,A,Afternoon,1,,,A,Morn,2,,,A,Noon,2,,,A,Afternoon,2,,,A,Morn,3,,,A,Noon,3,,,A,Afternoon,3,,,A,Morn,4,,,A,Noon,4,,,A,Afternoon,4,,,B,Morn,1,,,B,Noon,1,76.73877551,B,Afternoon,1,70.88122449,B,Morn,2,,,B,Noon,2,,,B,Afternoon,2,,,B,Morn,3,,,B,Noon,3,,,B,Afternoon,3,,,B,Morn,4,,,B,Noon,4,,,B,Afternoon,4,,,C,Morn,1,,,C,Noon,1,,,C,Afternoon,1,,,C,Morn,2,,,C,Noon,2,,,C,Afternoon,2,,,C,Morn,3,,,C,Noon,3,,,C,Afternoon,3,,,C,Morn,4,,,C,Noon,4,,,C,Afternoon,4,
A,Morn,1,,,A,Noon,1,,,A,Afternoon,1,,,A,Morn,2,,,A,Noon,2,,,A,Afternoon,2,,,A,Morn,3,,,A,Noon,3,,,A,Afternoon,3,,,A,Morn,4,,,A,Noon,4,,,A,Afternoon,4,,,B,Morn,1,,,B,Noon,1,74.9574,B,Afternoon,1,69.5955102,B,Morn,2,,,B,Noon,2,,,B,Afternoon,2,,,B,Morn,3,,,B,Noon,3,,,B,Afternoon,3,,,B,Morn,4,,,B,Noon,4,,,B,Afternoon,4,,,C,Morn,1,,,C,Noon,1,,,C,Afternoon,1,,,C,Morn,2,,,C,Noon,2,,,C,Afternoon,2,,,C,Morn,3,,,C,Noon,3,,,C,Afternoon,3,,,C,Morn,4,,,C,Noon,4,,,C,Afternoon,4,
A,Morn,1,,,A,Noon,1,,,A,Afternoon,1,,,A,Morn,2,,,A,Noon,2,,,A,Afternoon,2,,,A,Morn,3,,,A,Noon,3,,,A,Afternoon,3,,,A,Morn,4,,,A,Noon,4,,,A,Afternoon,4,,,B,Morn,1,,,B,Noon,1,76.04714286,B,Afternoon,1,73.8377551,B,Morn,2,,,B,Noon,2,,,B,Afternoon,2,,,B,Morn,3,,,B,Noon,3,,,B,Afternoon,3,,,B,Morn,4,,,B,Noon,4,,,B,Afternoon,4,,,C,Morn,1,,,C,Noon,1,,,C,Afternoon,1,,,C,Morn,2,,,C,Noon,2,,,C,Afternoon,2,,,C,Morn,3,,,C,Noon,3,,,C,Afternoon,3,,,C,Morn,4,,,C,Noon,4,,,C,Afternoon,4,
A,Morn,1,,,A,Noon,1,,,A,Afternoon,1,,,A,Morn,2,,,A,Noon,2,,,A,Afternoon,2,,,A,Morn,3,,,A,Noon,3,,,A,Afternoon,3,,,A,Morn,4,,,A,Noon,4,,,A,Afternoon,4,,,B,Morn,1,,,B,Noon,1,72.8666,B,Afternoon,1,70.41387755,B,Morn,2,,,B,Noon,2,,,B,Afternoon,2,,,B,Morn,3,,,B,Noon,3,,,B,Afternoon,3,,,B,Morn,4,,,B,Noon,4,,,B,Afternoon,4,,,C,Morn,1,,,C,Noon,1,,,C,Afternoon,1,,,C,Morn,2,,,C,Noon,2,,,C,Afternoon,2,,,C,Morn,3,,,C,Noon,3,,,C,Afternoon,3,,,C,Morn,4,,,C,Noon,4,,,C,Afternoon,4,
A,Morn,1,,,A,Noon,1,,,A,Afternoon,1,,,A,Morn,2,,,A,Noon,2,,,A,Afternoon,2,,,A,Morn,3,,,A,Noon,3,,,A,Afternoon,3,,,A,Morn,4,,,A,Noon,4,,,A,Afternoon,4,,,B,Morn,1,,,B,Noon,1,73.04693878,B,Afternoon,1,72.96653061,B,Morn,2,,,B,Noon,2,,,B,Afternoon,2,,,B,Morn,3,,,B,Noon,3,,,B,Afternoon,3,,,B,Morn,4,,,B,Noon,4,,,B,Afternoon,4,,,C,Morn,1,,,C,Noon,1,,,C,Afternoon,1,,,C,Morn,2,,,C,Noon,2,,,C,Afternoon,2,,,C,Morn,3,,,C,Noon,3,,,C,Afternoon,3,,,C,Morn,4,,,C,Noon,4,,,C,Afternoon,4,
A,Morn,1,,,A,Noon,1,,,A,Afternoon,1,,,A,Morn,2,,,A,Noon,2,,,A,Afternoon,2,,,A,Morn,3,,,A,Noon,3,,,A,Afternoon,3,,,A,Morn,4,,,A,Noon,4,,,A,Afternoon,4,,,B,Morn,1,,,B,Noon,1,74.79734694,B,Afternoon,1,66.31020408,B,Morn,2,,,B,Noon,2,,,B,Afternoon,2,,,B,Morn,3,,,B,Noon,3,,,B,Afternoon,3,,,B,Morn,4,,,B,Noon,4,,,B,Afternoon,4,,,C,Morn,1,,,C,Noon,1,,,C,Afternoon,1,,,C,Morn,2,,,C,Noon,2,,,C,Afternoon,2,,,C,Morn,3,,,C,Noon,3,,,C,Afternoon,3,,,C,Morn,4,,,C,Noon,4,,,C,Afternoon,4,
A,Morn,1,,,A,Noon,1,,,A,Afternoon,1,,,A,Morn,2,,,A,Noon,2,,,A,Afternoon,2,,,A,Morn,3,,,A,Noon,3,,,A,Afternoon,3,,,A,Morn,4,,,A,Noon,4,,,A,Afternoon,4,,,B,Morn,1,,,B,Noon,1,72.4338,B,Afternoon,1,68.16673469,B,Morn,2,,,B,Noon,2,,,B,Afternoon,2,,,B,Morn,3,,,B,Noon,3,,,B,Afternoon,3,,,B,Morn,4,,,B,Noon,4,,,B,Afternoon,4,,,C,Morn,1,,,C,Noon,1,,,C,Afternoon,1,,,C,Morn,2,,,C,Noon,2,,,C,Afternoon,2,,,C,Morn,3,,,C,Noon,3,,,C,Afternoon,3,,,C,Morn,4,,,C,Noon,4,,,C,Afternoon,4,
A,Morn,1,,,A,Noon,1,,,A,Afternoon,1,,,A,Morn,2,,,A,Noon,2,,,A,Afternoon,2,,,A,Morn,3,,,A,Noon,3,,,A,Afternoon,3,,,A,Morn,4,,,A,Noon,4,,,A,Afternoon,4,,,B,Morn,1,,,B,Noon,1,74.97959184,B,Afternoon,1,65.90918367,B,Morn,2,,,B,Noon,2,,,B,Afternoon,2,,,B,Morn,3,,,B,Noon,3,,,B,Afternoon,3,,,B,Morn,4,,,B,Noon,4,,,B,Afternoon,4,,,C,Morn,1,,,C,Noon,1,,,C,Afternoon,1,,,C,Morn,2,,,C,Noon,2,,,C,Afternoon,2,,,C,Morn,3,,,C,Noon,3,,,C,Afternoon,3,,,C,Morn,4,,,C,Noon,4,,,C,Afternoon,4,
A,Morn,1,,,A,Noon,1,,,A,Afternoon,1,,,A,Morn,2,,,A,Noon,2,,,A,Afternoon,2,,,A,Morn,3,,,A,Noon,3,,,A,Afternoon,3,,,A,Morn,4,,,A,Noon,4,,,A,Afternoon,4,,,B,Morn,1,,,B,Noon,1,75.7924,B,Afternoon,1,69.078,B,Morn,2,,,B,Noon,2,,,B,Afternoon,2,,,B,Morn,3,,,B,Noon,3,,,B,Afternoon,3,,,B,Morn,4,,,B,Noon,4,,,B,Afternoon,4,,,C,Morn,1,,,C,Noon,1,,,C,Afternoon,1,,,C,Morn,2,,,C,Noon,2,,,C,Afternoon,2,,,C,Morn,3,,,C,Noon,3,,,C,Afternoon,3,,,C,Morn,4,,,C,Noon,4,,,C,Afternoon,4,
A,Morn,1,,,A,Noon,1,,,A,Afternoon,1,,,A,Morn,2,,,A,Noon,2,,,A,Afternoon,2,,,A,Morn,3,,,A,Noon,3,,,A,Afternoon,3,,,A,Morn,4,,,A,Noon,4,,,A,Afternoon,4,,,B,Morn,1,,,B,Noon,1,74.6752,B,Afternoon,1,67.33653061,B,Morn,2,,,B,Noon,2,,,B,Afternoon,2,,,B,Morn,3,,,B,Noon,3,,,B,Afternoon,3,,,B,Morn,4,,,B,Noon,4,,,B,Afternoon,4,,,C,Morn,1,,,C,Noon,1,,,C,Afternoon,1,,,C,Morn,2,,,C,Noon,2,,,C,Afternoon,2,,,C,Morn,3,,,C,Noon,3,,,C,Afternoon,3,,,C,Morn,4,,,C,Noon,4,,,C,Afternoon,4,
A,Morn,1,,,A,Noon,1,,,A,Afternoon,1,,,A,Morn,2,,,A,Noon,2,,,A,Afternoon,2,,,A,Morn,3,,,A,Noon,3,,,A,Afternoon,3,,,A,Morn,4,,,A,Noon,4,,,A,Afternoon,4,,,B,Morn,1,,,B,Noon,1,76.3546,B,Afternoon,1,68.86489796,B,Morn,2,,,B,Noon,2,,,B,Afternoon,2,,,B,Morn,3,,,B,Noon,3,,,B,Afternoon,3,,,B,Morn,4,,,B,Noon,4,,,B,Afternoon,4,,,C,Morn,1,,,C,Noon,1,,,C,Afternoon,1,,,C,Morn,2,,,C,Noon,2,,,C,Afternoon,2,,,C,Morn,3,,,C,Noon,3,,,C,Afternoon,3,,,C,Morn,4,,,C,Noon,4,,,C,Afternoon,4,
A,Morn,1,,,A,Noon,1,,,A,Afternoon,1,,,A,Morn,2,,,A,Noon,2,,,A,Afternoon,2,,,A,Morn,3,,,A,Noon,3,,,A,Afternoon,3,,,A,Morn,4,,,A,Noon,4,,,A,Afternoon,4,,,B,Morn,1,,,B,Noon,1,72.05571429,B,Afternoon,1,70.8077551,B,Morn,2,,,B,Noon,2,,,B,Afternoon,2,,,B,Morn,3,,,B,Noon,3,,,B,Afternoon,3,,,B,Morn,4,,,B,Noon,4,,,B,Afternoon,4,,,C,Morn,1,,,C,Noon,1,,,C,Afternoon,1,,,C,Morn,2,,,C,Noon,2,,,C,Afternoon,2,,,C,Morn,3,,,C,Noon,3,,,C,Afternoon,3,,,C,Morn,4,,,C,Noon,4,,,C,Afternoon,4,
A,Morn,1,,,A,Noon,1,,,A,Afternoon,1,,,A,Morn,2,,,A,Noon,2,,,A,Afternoon,2,,,A,Morn,3,,,A,Noon,3,,,A,Afternoon,3,,,A,Morn,4,,,A,Noon,4,,,A,Afternoon,4,,,B,Morn,1,,,B,Noon,1,72.37857143,B,Afternoon,1,69.81653061,B,Morn,2,,,B,Noon,2,,,B,Afternoon,2,,,B,Morn,3,,,B,Noon,3,,,B,Afternoon,3,,,B,Morn,4,,,B,Noon,4,,,B,Afternoon,4,,,C,Morn,1,,,C,Noon,1,,,C,Afternoon,1,,,C,Morn,2,,,C,Noon,2,,,C,Afternoon,2,,,C,Morn,3,,,C,Noon,3,,,C,Afternoon,3,,,C,Morn,4,,,C,Noon,4,,,C,Afternoon,4,
A,Morn,1,,,A,Noon,1,,,A,Afternoon,1,,,A,Morn,2,,,A,Noon,2,,,A,Afternoon,2,,,A,Morn,3,,,A,Noon,3,,,A,Afternoon,3,,,A,Morn,4,,,A,Noon,4,,,A,Afternoon,4,,,B,Morn,1,,,B,Noon,1,69.288,B,Afternoon,1,71.4948,B,Morn,2,,,B,Noon,2,,,B,Afternoon,2,,,B,Morn,3,,,B,Noon,3,,,B,Afternoon,3,,,B,Morn,4,,,B,Noon,4,,,B,Afternoon,4,,,C,Morn,1,,,C,Noon,1,,,C,Afternoon,1,,,C,Morn,2,,,C,Noon,2,,,C,Afternoon,2,,,C,Morn,3,,,C,Noon,3,,,C,Afternoon,3,,,C,Morn,4,,,C,Noon,4,,,C,Afternoon,4,
A,Morn,1,,,A,Noon,1,,,A,Afternoon,1,,,A,Morn,2,,,A,Noon,2,,,A,Afternoon,2,,,A,Morn,3,,,A,Noon,3,,,A,Afternoon,3,,,A,Morn,4,,,A,Noon,4,,,A,Afternoon,4,,,B,Morn,1,,,B,Noon,1,74.30836735,B,Afternoon,1,72.81061224,B,Morn,2,,,B,Noon,2,,,B,Afternoon,2,,,B,Morn,3,,,B,Noon,3,,,B,Afternoon,3,,,B,Morn,4,,,B,Noon,4,,,B,Afternoon,4,,,C,Morn,1,,,C,Noon,1,,,C,Afternoon,1,,,C,Morn,2,,,C,Noon,2,,,C,Afternoon,2,,,C,Morn,3,,,C,Noon,3,,,C,Afternoon,3,,,C,Morn,4,,,C,Noon,4,,,C,Afternoon,4,
A,Morn,1,,,A,Noon,1,,,A,Afternoon,1,,,A,Morn,2,,,A,Noon,2,,,A,Afternoon,2,,,A,Morn,3,,,A,Noon,3,,,A,Afternoon,3,,,A,Morn,4,,,A,Noon,4,,,A,Afternoon,4,,,B,Morn,1,,,B,Noon,1,76.4926,B,Afternoon,1,67.7855102,B,Morn,2,,,B,Noon,2,,,B,Afternoon,2,,,B,Morn,3,,,B,Noon,3,,,B,Afternoon,3,,,B,Morn,4,,,B,Noon,4,,,B,Afternoon,4,,,C,Morn,1,,,C,Noon,1,,,C,Afternoon,1,,,C,Morn,2,,,C,Noon,2,,,C,Afternoon,2,,,C,Morn,3,,,C,Noon,3,,,C,Afternoon,3,,,C,Morn,4,,,C,Noon,4,,,C,Afternoon,4,
,,,,,,,,,,,,,,,,,,,,,,,,,,,,,,,,,,,,,,,,,,,,,,,,,,,,,,,,,,,,,,,,,,,,,,,,,,,,,,,,,,,,,,,,,,,,,,,,,,,,,,,,,,,,,,,,,,,,,,,,,,,,,,,,,,,,,,,,,,,,,,,,,,,,,,,,,,,,,,,,,,,,,,,,,,,,,,,,,,
,,,,,,,,,,,,,,,,,,,,,,,,,,,,,,,,,,,,,,,,,,,,,,,,,,,,,,,,,,,,,,,,,,,,,,,,,,,,,,,,,,,,,,,,,,,,,,,,,,,,,,,,,,,,,,,,,,,,,,,,,,,,,,,,,,,,,,,,,,,,,,,,,,,,,,,,,,,,,,,,,,,,,,,,,,,,,,,,,,
,,,,,,,,,,,,,,,,,,,,,,,,,,,,,,,,,,,,,,,,,,,,,,,,,,,,,,,,,,,,,,,,,,,,,,,,,,,,,,,,,,,,,,,,,,,,,,,,,,,,,,,,,,,,,,,,,,,,,,,,,,,,,,,,,,,,,,,,,,,,,,,,,,,,,,,,,,,,,,,,,,,,,,,,,,,,,,,,,,
,,,,,,,,,,,,,,,,,,,,,,,,,,,,,,,,,,,,,,,,,,,,,,,,,,,,,,,,,,,,,,,,,,,,,,,,,,,,,,,,,,,,,,,,,,,,,,,,,,,,,,,,,,,,,,,,,,,,,,,,,,,,,,,,,,,,,,,,,,,,,,,,,,,,,,,,,,,,,,,,,,,,,,,,,,,,,,,,,,
Legend for campus gate,,,,,,,,,,,,,,,,,,,,,,,,,,,,,,,,,,,,,,,,,,,,,,,,,,,,,,,,,,,,,,,,,,,,,,,,,,,,,,,,,,,,,,,,,,,,,,,,,,,,,,,,,,,,,,,,,,,,,,,,,,,,,,,,,,,,,,,,,,,,,,,,,,,,,,,,,,,,,,,,,,,,,,,,,,,,,,,,,,
Locations: Front gate - location A; Nassau St. gate - location B; Pearse St. gate -location C;,,,,,,,,,,,,,,,,,,,,,,,,,,,,,,,,,,,,,,,,,,,,,,,,,,,,,,,,,,,,,,,,,,,,,,,,,,,,,,,,,,,,,,,,,,,,,,,,,,,,,,,,,,,,,,,,,,,,,,,,,,,,,,,,,,,,,,,,,,,,,,,,,,,,,,,,,,,,,,,,,,,,,,,,,,,,,,,,,,
Day: Wednesday-1; Thursday-2; Friday-3; and Sunday-4;,,,,,,,,,,,,,,,,,,,,,,,,,,,,,,,,,,,,,,,,,,,,,,,,,,,,,,,,,,,,,,,,,,,,,,,,,,,,,,,,,,,,,,,,,,,,,,,,,,,,,,,,,,,,,,,,,,,,,,,,,,,,,,,,,,,,,,,,,,,,,,,,,,,,,,,,,,,,,,,,,,,,,,,,,,,,,,,,,,
,,,,,,,,,,,,,,,,,,,,,,,,,,,,,,,,,,,,,,,,,,,,,,,,,,,,,,,,,,,,,,,,,,,,,,,,,,,,,,,,,,,,,,,,,,,,,,,,,,,,,,,,,,,,,,,,,,,,,,,,,,,,,,,,,,,,,,,,,,,,,,,,,,,,,,,,,,,,,,,,,,,,,,,,,,,,,,,,,,
Each shaded zone represents a different dataset.,,,,,,,,,,,,,,,,,,,,,,,,,,,,,,,,,,,,,,,,,,,,,,,,,,,,,,,,,,,,,,,,,,,,,,,,,,,,,,,,,,,,,,,,,,,,,,,,,,,,,,,,,,,,,,,,,,,,,,,,,,,,,,,,,,,,,,,,,,,,,,,,,,,,,,,,,,,,,,,,,,,,,,,,,,,,,,,,,,
